step,mean_forward_time_ms,std_forward_time_ms,mean_backward_time_ms,std_backward_time_ms,mean_optimizer_time_ms,std_optimizer_time_ms
1,196.89396966666666,4.168841978886871,228.830424,1.1101889054890557,32.85048966666667,0.2859481306466832
2,104.41416066666666,0.8974872217237005,210.577852,6.224363654920887,11.825600333333332,0.021983503754709813
3,106.21582566666666,1.2183943222103195,209.28033633333334,3.0052396679974285,11.980431666666666,0.2604466317047184
4,105.79080166666667,0.4161590833543485,207.20676966666667,1.0581305262378304,11.892850333333334,0.08366782177356687
5,106.21677566666666,0.6938310613516293,208.17620399999998,0.8540217368199702,11.839673,0.1346092677307174
6,106.226039,0.8946701247521401,208.616754,3.094088992250709,11.903837666666666,0.06396979185782418
7,105.47382900000001,0.8640936081067828,206.52950133333334,0.939414329797743,11.846800333333332,0.06304274516019491
8,106.36466166666666,1.0844832457923606,210.823233,5.249785209007414,11.864613666666665,0.04350708935717605
9,105.85369266666667,0.7284322953716008,208.56000666666668,0.844429631847639,11.902484666666666,0.046636260970765155
10,106.51866,0.8336106122902942,210.64878633333333,2.2251568067397764,11.891424666666666,0.12584587491981275
11,106.30022966666667,0.9537405684505256,208.27402233333336,1.5486088727839948,11.825412666666667,0.0599542863966652
12,106.60168966666667,1.3030041499206158,209.1291203333333,1.6465880025927324,11.864396666666666,0.13759137058090998
13,106.00678866666668,0.9984598342979685,208.53275666666664,1.925808884171612,11.991315666666667,0.2495684467742939
14,106.19928499999999,1.0774401369468254,209.206265,2.5658749472121545,11.820426333333335,0.04493011241175948
15,106.44019966666667,0.25546891209956063,208.47965466666665,1.1727926997429483,11.960472000000001,0.3024928717127066
16,106.90295033333332,0.7322138397007667,209.1568103333333,2.3742731969830957,11.862350333333334,0.188627827897512
17,105.64076566666665,0.6804405688819125,208.52687,1.5227393828452767,11.837976,0.03234770534365607
18,107.02536966666666,1.103315490650493,210.26090666666667,2.414468642493488,11.869857666666666,0.14204087214014538
19,106.11764333333333,0.23470073375542638,209.62886600000002,0.33166800535626384,11.858480333333333,0.1672322259145449
20,107.06436333333333,1.5812001238683635,210.00865233333332,2.5420580933104784,11.851546666666666,0.07373575787454414
21,105.863023,0.40850239782283126,206.608569,0.8530960605910658,11.860333333333335,0.08363560483629735
22,106.933575,0.26262478523360894,214.21013833333336,3.9942468743339377,11.861467,0.11735608548345534
23,105.59302433333333,0.5946002630358708,208.33917966666664,0.7837254700680105,11.815742666666667,0.03324450276862862
24,106.73294166666666,0.9975692586273579,208.29544533333333,2.8293519393405835,11.895761333333333,0.1464585348497428
25,106.55948833333332,0.595992592451732,209.962678,1.4511814338958489,11.800435666666667,0.03036063474852469
26,106.55432466666667,1.2486728186616085,209.37733133333333,2.4132175783228313,12.046296333333336,0.26614706024364315
27,107.095461,0.6596888128345013,209.55981766666665,0.8829717668115523,11.813089,0.08536033568350117
28,106.657247,1.0527347072667474,209.20863433333332,1.6193720953734945,11.979396,0.30720695483826604
29,106.76516166666666,0.48770338457850315,209.366318,2.1390609590264154,11.773488333333333,0.019882283001037105
30,106.91884766666668,0.9745563593298895,209.99071833333332,0.7665610112093657,11.908263666666665,0.13283123903786023
31,107.04536,0.8276753917128415,209.953534,2.1620499427911004,11.803542666666667,0.014711991242973385
32,106.63923933333335,0.5496247156236087,208.24960133333335,0.4897070466986799,11.897294333333335,0.0909571438444135
33,106.78536899999999,0.9847741311442896,213.12882633333334,4.519661873986182,11.797165333333334,0.06740167683621388
34,105.86125266666666,0.3586552606003901,208.46010133333334,0.478626608767568,11.869401000000002,0.13089146766691823
35,107.17922933333334,0.269002437768379,209.42245866666667,0.47789022992767566,11.821196333333333,0.07140767673250045
36,106.61791266666665,0.18373211114373664,208.65625533333332,0.024387764500538894,11.827022666666666,0.05935588324954304
37,106.43676633333332,0.3432020969288096,209.02234133333332,0.8608530958731142,11.794345333333332,0.05742920685795082
38,107.30171466666667,0.21690814780762338,210.1831646666667,0.4318433056032287,11.848236666666665,0.07901258115220197
39,106.03206899999999,0.5821794669592891,208.81630499999997,0.7218142204418012,11.873547666666667,0.04978082990804078
40,107.36700533333332,0.3204966421982217,210.31993133333333,0.7400771227583859,11.832889666666667,0.05226983244983069
41,106.27311666666667,0.49510245316937446,207.70172499999998,1.4516322326085087,11.752038333333333,0.06809555516576175
42,106.885694,0.5473870171122077,211.79953333333333,4.4900956263184755,11.821032666666667,0.03582001251163043
43,106.93314433333335,0.20144072486051923,209.62384933333337,0.4980620987791962,11.850997000000001,0.10846942610708311
44,106.84902266666667,0.9022422514736959,208.10402833333333,1.7877027979508628,11.789868666666669,0.06246893460219513
45,106.621956,0.7609489204828384,209.28047566666666,0.42585403274166256,11.950121666666666,0.32201416099968866
46,106.68197066666666,0.3957380723841632,210.58069833333332,1.8873929753775065,11.846427,0.04859006157641655
47,107.00819933333334,0.8035393786257949,212.31183566666667,4.4520031639551165,11.831476333333333,0.01772333042442451
48,106.66260299999999,0.930629173215094,210.41773933333334,1.7972552320008153,11.82347,0.03709224968911924
49,106.97579166666667,0.8273010068834273,210.21960566666667,0.6318918078321076,11.767158666666667,0.09067390738428169
50,106.928951,0.8620357003999347,212.71053600000002,5.3553061819971575,11.929138333333334,0.09065083236426118
51,106.15117400000001,0.6812109656112413,209.71615699999998,0.16141512504408342,11.819409666666667,0.04681389154229087
52,107.37267200000001,0.8803652947674588,210.525831,1.983333982093025,11.826259666666667,0.03593167184161307
53,106.19162166666666,0.12453123746808503,213.042116,6.238417802150808,11.884123666666667,0.12231179433453424
54,107.30904466666668,1.3901683976743058,213.77639033333332,4.451651564621411,11.812802666666665,0.010910197722008972
55,107.63134033333331,0.3287587119793621,211.27269766666666,1.500991145349409,12.009186666666666,0.22258876425896523
56,106.65679966666666,0.7262660477712968,209.98883166666667,0.3233839398058158,11.804172666666666,0.06741846211041412
57,107.582989,0.771272988131317,210.54914133333332,1.2003152097329794,11.805812666666666,0.03837587166870983
58,107.24332299999999,0.5248925333665891,212.73145300000002,4.837450083901529,11.833656,0.09784115131681577
59,107.30622766666666,1.028396630547439,210.673617,0.47241379070471323,11.815889333333333,0.08320236555731603
60,107.02572966666666,0.42705337066031246,209.81996833333335,0.24691194413866693,11.963142333333332,0.1517671352643034
61,107.92381833333333,0.18880897659892243,213.63500233333332,5.293128412221101,11.759034999999999,0.053539186331135226
62,107.00652266666667,0.8957823376453288,210.13980433333336,0.6987986808905269,11.836673333333332,0.0410983832325964
63,107.834467,0.32559382201294845,210.68380033333332,0.941725245391846,11.812779333333333,0.03083739217789627
64,106.879744,0.7297027215113043,209.78322466666668,0.3572143374142847,11.953571666666667,0.3433917502275406
65,107.368156,0.36153984678870477,210.99647566666667,1.003956063439206,11.788272000000001,0.023980633185968672
66,106.74038133333333,0.41200484836508156,209.50322300000002,0.5431501533084497,11.956688333333332,0.3076286438830648
67,107.50604833333334,0.34865674055198675,210.425619,0.7387315392542834,11.804532333333333,0.006449762191998337
68,106.93074166666666,0.4292937652660866,209.80537200000003,0.4914841897670845,11.796628666666665,0.08526821219149261
69,107.48708133333334,0.2646699152913563,210.62265266666668,0.25626280388369516,11.793338666666665,0.05196749099517289
70,106.90880766666668,0.7364562347772818,209.751454,0.47129441971977326,11.809849666666667,0.08963919668500714
71,107.89117800000001,0.07786435561924436,210.696071,0.8853615222003962,11.84324,0.018166416239864945
72,106.70218366666667,1.1276242760389352,214.65700066666668,8.803682833186587,11.802309000000001,0.011505242631078834
73,106.989066,0.31904220620632645,210.338931,0.4843342648429851,11.820676,0.08658526474522076
74,107.153656,1.1220254138650358,210.25217966666665,1.6171591102907499,11.792995333333332,0.033305255205947674
75,106.978719,0.25593798040149857,209.93914066666665,0.5644656621020733,11.793816,0.0395393220857414
76,107.05108000000001,0.2864012311583143,209.97879133333333,0.9861862392775091,11.729670999999998,0.04507574278922091
77,106.68977033333333,0.666740636421941,208.33117666666666,2.209566127917493,11.933828,0.1716069505352271
78,107.39240933333332,0.47633745048267456,212.48191166666666,2.8990349253381407,11.829749666666666,0.06575165481060784
79,106.13933433333334,0.6622990768205396,209.58471799999998,0.648526284900618,11.813592666666665,0.07915587898149663
80,107.80574933333332,0.5458891361479367,209.99953200000002,3.902692020811658,11.826196000000001,0.053362433986841526
81,106.32667099999999,0.5210063669630121,209.361751,0.9229918994330446,11.817648666666665,0.02950225419071096
82,107.38032533333335,0.9591830421167461,210.68987366666667,2.1842939804397536,11.847000000000001,0.05016815193925358
83,106.63467566666667,0.7769408279877823,210.34662166666666,0.6320715736064533,11.771982333333334,0.1171094296858005
84,107.15433833333334,1.036346750900649,210.43175666666664,1.5618490553969473,11.822856,0.07979224493019282
85,106.983316,0.8565928218185154,209.61344466666665,2.3865495307540456,11.789622,0.06633504147130677
86,107.25437766666668,1.359558524856627,210.61254233333332,1.5119379634827428,11.870613333333333,0.16348389246140843
87,106.86873066666668,1.0709489256786848,211.31344133333334,1.2007594905826708,11.795888666666668,0.06725700774144876
88,106.61150233333332,0.8921956471583673,210.33038833333333,1.4711196270753568,11.813219333333334,0.02555211036946523
89,107.18369233333333,1.3383614269973334,210.79407933333331,0.8375747125064944,11.807845666666667,0.021875990979458117
90,106.86837066666668,0.40779790124071347,210.290071,1.4736299932849408,11.831736333333334,0.08159555267496663
91,107.26355699999999,1.2621881260228236,210.600282,1.9867413708882593,11.793589000000003,0.02640806787707134
92,107.25749033333334,0.4117953230687939,210.73483166666665,1.3790044700291297,11.977988999999999,0.3033017803821802
93,106.89074366666667,1.0266399007034221,209.112423,0.621264333716323,11.744611,0.06574049027045673
94,107.20165933333332,0.5379078031376139,213.92938666666666,4.665441501770374,11.934681333333332,0.2806421524688219
95,106.057846,0.5655806961230196,209.754624,0.6401109697958693,11.751067999999998,0.021435893006823872
96,107.64799733333332,0.13187471755546595,211.30637133333335,1.03186972277721,11.809852999999999,0.03070208219323224
97,106.28982966666666,0.21598356819983813,208.74006966666664,2.0655129392759375,11.863729999999999,0.06780755402608143
98,107.65494,0.21483045625096875,213.785018,2.8519561626553855,11.795132666666666,0.04056843297852806
99,106.83609666666666,0.46325312851759065,209.92560066666667,0.22954641383462357,11.781655,0.03795134030571269
100,107.527852,0.20853322955586706,209.24952900000002,2.9242449450155448,11.874887000000001,0.11318666242539371
101,106.42277233333334,0.23742371816087385,209.807515,0.374236168606144,11.792662333333332,0.050996160270488616
102,107.59736300000002,0.10874511077284826,216.30088833333335,4.4573028485087605,11.800442666666667,0.06668313380708306
103,107.295868,0.34065716330792584,211.22850633333334,0.9375215271162304,11.774802,0.07819789554073711
104,106.68019366666665,0.3339360496776791,212.233425,4.273900554151321,11.798675666666668,0.06532076194697524
105,107.730865,0.12369943544333858,210.89739433333332,0.3728081656084531,11.927894666666665,0.2719198924873525
106,106.62642933333332,0.2617255925322054,214.08990966666667,9.5677497162265,11.820909666666667,0.06407765345526707
107,107.185136,0.8941789449791351,210.61587266666666,0.9469872478662802,11.797316,0.021894279412668742
108,106.924628,1.2923680309288774,213.93562133333333,5.853469563755966,11.811319666666668,0.0378580765667429
109,106.79467566666666,0.9076238315879234,210.02071566666666,0.2439645924152342,11.815229333333335,0.14971522659480335
110,107.54359833333335,0.47127505902003003,210.77604233333332,1.2351375935628914,11.798719,0.05455429981220512
111,107.00437600000002,0.8195152782077946,210.33966433333333,0.391298447791877,11.838386333333332,0.12292289069304095
112,107.47682433333334,0.6939703440243931,211.60195633333333,2.360588929654705,11.802649333333335,0.010537641877257736
113,107.24416000000001,0.29975639276419436,210.47878033333333,0.3223592674584284,11.785986,0.05527473259998713
114,106.894701,0.6014680975338589,209.68631333333335,0.08193625800787328,11.777988666666666,0.008400740522914972
115,107.37058266666668,0.31477217683641456,210.77581233333333,0.40192353450914964,11.782798999999999,0.047610006374711564
116,107.14244833333333,0.5700774727546566,213.01658833333332,6.876390342196869,11.816972666666667,0.03172517146263075
117,107.42426666666667,0.3532306767005584,210.48573033333332,0.5419559607591139,11.864044,0.13026177623539445
118,107.123778,0.6485863100551851,210.45430333333334,0.20486536312988216,11.802019,0.05991446826935833
119,107.42382033333332,0.12011427511471036,210.315101,0.27504185498392597,11.758708333333336,0.07266272100832259
120,107.155439,0.422109760300564,210.419863,1.2102064896669547,11.832376333333334,0.10199264339320398
121,107.18802199999999,0.7775843651746133,210.402242,0.6916575620283525,11.777295333333335,0.022655611674225827
122,107.20267566666666,0.46216817182313,210.03415600000002,0.5245658804487755,11.842626333333333,0.035199986822913934
123,107.57500266666666,0.19587322329081408,210.59822866666664,0.7558705298464405,11.764528333333333,0.07009871777239095
124,106.81343299999999,0.448262893006994,210.031799,0.30132496117645974,11.804352666666666,0.07306582254606622
125,107.86751399999999,0.4725251083148896,210.97561899999997,1.2576980958179051,11.806352666666667,0.019651789392656886
126,107.10565066666668,0.10555146339266701,210.378792,0.4704285098035598,11.777805666666666,0.09274881870047358
127,107.64529999999998,0.4752691850530585,214.260657,6.037647448109156,11.792111666666665,0.047097158452855496
128,107.0545,0.22469240202775181,210.25814966666667,0.5522965006310665,11.995249333333334,0.2954879837664017
129,107.68005799999999,0.6266657998877877,209.74738733333334,1.7535417270724742,11.740514666666668,0.03322456907671305
130,107.33671533333334,0.3107610739689466,211.90532133333332,6.1787434941753645,11.795183,0.07359592997578092
131,107.20861933333333,1.1456223475405547,210.88291733333335,0.4828002135970155,11.925544666666667,0.11033453197586568
132,107.71033433333334,0.12196632860069646,212.82548433333332,3.952445831302731,11.812738999999999,0.04287506538770527
133,107.00391233333333,0.3534734541777252,210.3353843333333,0.5711395614885518,11.809962666666669,0.018046473238096643
134,107.842564,0.5163927565923021,210.83585666666667,0.5960535008708026,11.808049666666667,0.11222844746913897
135,107.15025166666665,0.6162286303640309,210.54871500000002,1.1415792769435757,11.771548333333334,0.10846617484881367
136,107.58290566666666,0.6753867091706327,210.726225,0.47417084504743423,11.779485333333334,0.05109834401752499
137,107.66140033333333,0.6950582875215071,211.66826799999998,1.284523487182306,11.833309333333332,0.02720115005534429
138,107.33137533333333,0.4387315586396023,214.05153599999997,6.189848435425297,11.773479,0.07114929962410035
139,107.97664633333333,0.4768413447891597,211.508385,1.5603996830081788,11.891797333333335,0.0780758519731498
140,107.14562833333333,0.3961548901885847,210.86486066666666,0.40169669303385414,11.790522000000001,0.04792124258614294
141,107.85881333333334,0.7147697256126142,210.51408066666667,1.0337226808077393,11.817776,0.07461330688288828
142,107.59435633333334,0.48230043782100734,211.889998,1.080649914375132,11.989175333333334,0.2213184218390625
143,107.03157966666667,0.580321894882768,209.775968,0.6092636390955867,11.806102666666666,0.02569934622385049
144,107.86955733333333,0.6078246814224704,212.33150933333332,0.7224716260174736,11.817269666666666,0.009651756385929243
145,106.71237066666667,0.23236455840195008,210.46217000000001,0.2349936456311088,11.771465000000001,0.04387002861863638
146,108.10958533333333,0.449464084078285,212.30927899999998,0.6180668116902855,11.817006,0.06879317699452521
147,107.17188933333334,0.6594771723375521,210.943429,0.28112928911623136,11.808819333333332,0.044938985350510205
148,108.02317366666666,0.17608991007532204,210.97821566666667,1.0059640337131055,11.798516,0.06231099231275326
149,107.68073466666665,0.7354670622756236,213.85367599999998,4.360815641397482,11.758501333333333,0.03293094809344713
150,107.21406266666666,0.31756134422554294,210.11629333333335,0.04956086890211336,11.848039666666665,0.11293952280018438
151,107.947569,0.6054474601573653,210.32536733333336,3.01818307134712,11.820929333333334,0.06114207082143418
152,107.24494033333333,0.6977775250152,210.38457200000002,0.15679390700215096,11.865864,0.10167916724678706
153,108.061961,0.12760048424281586,212.289069,1.8513105597927044,11.866520333333334,0.0682607406225086
154,107.27721400000001,0.7079057489616809,210.81291299999998,0.5881184835991872,11.774338333333333,0.02131962509832982
155,107.70692166666667,0.1650015510300824,211.2250333333333,1.6121192880095192,11.807192,0.022459914247387056
156,107.45611766666667,1.3356727025534105,211.56815600000002,1.2116383082789182,11.793962,0.07931187917960347
157,107.71713833333332,0.301271210264658,216.1902696666667,7.686643458713138,11.774528333333334,0.06331959243657002
158,107.56001966666668,1.254692037418082,212.97073366666666,3.180462572082924,11.797012333333333,0.03431122781733935
159,107.66831733333333,1.0188413557764207,212.34712666666667,1.8315387098377995,11.801255666666664,0.039150289428474434
160,107.31301466666667,1.022570465817558,211.03511666666668,0.5199436645987144,11.825175999999999,0.024075376030292344
161,107.65905433333334,0.5359455273685355,214.12714033333336,5.020147776690087,11.836999333333333,0.1651887441272355
162,107.03909666666668,0.5223683016668748,210.57891500000002,0.609212903958051,11.813819666666667,0.11010607945219653
163,108.02426066666665,0.28446624559046363,215.0466836666667,7.52780523442054,11.937001,0.2046397573859973
164,107.394256,0.18577385099361943,211.1148483333333,0.42485140834453555,11.836710333333334,0.03514952227745501
165,108.05489733333333,1.0148293856552124,214.93637800000002,6.289630253226102,11.756098333333332,0.10726386079818923
166,107.57273566666667,1.0915710338298348,211.23906033333333,0.9050662334936255,11.834806,0.04007412333414139
167,107.520785,0.43762614990880205,211.518505,1.4799321608185216,11.843556333333334,0.035336638229086996
168,107.911268,1.4477044425617394,214.84691066666667,4.707144347464323,11.809032666666667,0.06234263721028584
169,108.07842800000002,1.1017921594402507,211.55566933333333,0.7403073261222906,11.787514999999999,0.05564890025867536
170,108.19783333333334,0.859928369292663,211.883515,0.9310234151706424,11.804372333333333,0.1458420717157202
171,107.40209266666666,0.05441119247299637,210.76163566666665,0.6987216748207663,11.808169333333334,0.05468480277310526
172,108.21580033333333,0.9180227268441322,211.43280733333333,1.1676753746784034,11.804115999999999,0.015524847921960797
173,107.74593566666665,1.0596825576984517,215.62212766666667,6.37282321924078,11.737791000000001,0.08852200279591556
174,107.13124833333332,0.6852013604498522,210.649177,0.41799054477942205,11.749578666666666,0.058976289747095394
175,108.293581,0.5416090602233306,212.37988366666664,0.5941907703207259,12.086578000000001,0.2811350948974529
176,107.43618966666668,1.0868018505138535,211.370713,1.176991156271365,11.833539666666667,0.06442826685805945
177,107.78278933333333,0.38624704254444686,211.6901313333333,1.1202791711258122,11.934254666666668,0.2597388959731161
178,107.78741633333334,1.452694972115738,211.69733799999997,0.591875260638581,11.821430000000001,0.062000105217652896
179,108.22291733333333,0.9433245352991378,211.66111066666667,1.581806605782237,11.807769333333333,0.05817104635755946
180,107.82329366666666,0.3446450789933456,211.84717033333334,0.8418061350526825,11.841849666666667,0.05406258855561182
181,107.81473666666666,1.4395403158568827,217.872203,6.746328704592811,11.787315333333334,0.03529126441958877
182,107.49776100000001,1.1971953368774013,211.53430533333335,0.5682184336435561,11.805942666666667,0.07065056003552558
183,107.76903933333334,1.0294192864524758,212.09164166666665,1.7129824868492731,11.837573333333333,0.06137310241737362
184,107.87910466666666,0.43928060039607036,211.87619100000003,1.0035430686218763,11.755201999999999,0.05791372962432993
185,107.37165900000001,1.033384386683381,213.4422953333333,4.490665514961711,11.811379333333333,0.0471050863955615
186,108.21244366666667,0.512755305281507,211.385226,0.348978302620674,11.823862666666665,0.07073206842962562
187,108.06496766666665,0.9030504848458574,210.71848766666668,0.33608887476430455,11.803809000000001,0.030557870131931387
188,107.901388,0.36063535839265887,211.52642166666666,1.351018152462179,11.770745333333332,0.07053864936567228
189,107.62653999999999,1.2412148734248205,214.83141333333333,6.590955902489743,11.988866333333334,0.2340188104027824
190,107.63684033333332,0.5674795864736785,211.90024866666667,2.288734487200804,11.776032333333333,0.12690569081539804
191,107.88449433333334,0.27412245591401624,210.375595,3.1461225254473066,11.854063333333334,0.12240360815487995
192,107.58307266666667,1.3598421054579575,211.420617,0.6390686365634041,11.794709333333335,0.03882868472319526
193,108.537266,0.40019347901858626,214.24413600000003,2.495018719870254,11.805139666666667,0.03733733736266315
194,107.94001533333333,0.4890964469778255,211.93055566666666,0.9120734418588926,11.820463333333334,0.04498633695171657
195,107.76546900000001,0.7453309004522742,210.67788733333336,0.6202950301472216,11.768872333333334,0.04550824587185606
196,108.14439866666667,0.941511545629858,212.08192133333333,1.8857369682302816,11.774532,0.0739517633934444
197,107.70484866666668,0.3111773568920657,211.10103133333334,0.6258589952420105,11.774748333333333,0.06340676577726821
198,108.10097866666666,0.5073217506093459,211.65454066666666,1.043007555595513,11.794395333333334,0.041691217688301946
199,107.86534733333333,1.5371583288006885,212.42335466666668,1.9389053456773917,11.782542333333334,0.026284284132030947
200,107.04397966666666,1.0748808289835292,211.86923133333335,0.8172148549740915,11.791665,0.07267925907712604
201,108.14681599999999,0.9619888772558649,211.484868,1.1487408584432817,11.706487333333333,0.08278392134547234
202,108.146906,1.1913476530169484,211.83749699999998,2.112707119000644,11.815815666666666,0.05167435631271471
203,108.09110500000001,0.5760167516765452,212.9234426666667,2.894184917365921,11.795625333333334,0.05591529211524644
204,107.70788499999999,0.2023209136273356,211.08831066666664,0.9081082847272854,11.883046666666667,0.1471541460929092
205,108.07538433333333,0.8673187146818233,215.00014266666668,6.014051712633522,11.790555333333335,0.06143659797167558
206,107.38813666666665,1.3335116757090437,211.54841199999998,1.7658700939208405,11.806555666666668,0.0254055692778838
207,107.93705233333333,0.4056807416951582,212.45396133333335,0.8462135491921229,11.809759333333332,0.020194312177772143
208,107.64729766666666,1.6539281412517102,210.87762733333332,0.4661170598437021,11.814745666666667,0.0669185555756649
209,108.50412266666666,0.6732615974941205,212.51792266666666,1.7489012347620856,11.810892666666666,0.04172682547634488
210,107.57125933333334,0.6893479231450048,211.25013366666667,0.8213099775360909,11.806169333333335,0.03691212774053208
211,108.01808333333334,0.6689811232451499,210.83806,0.468649551122164,11.781925000000001,0.014465854416521776
212,108.062388,1.0938801448207227,212.42181100000002,1.9175931802134147,11.816649666666668,0.034155429456139516
213,107.58279599999999,0.8556552523306292,215.25183066666668,6.813998994713044,11.812309333333333,0.03529446750318506
214,107.270354,1.0043411104903515,210.83837000000003,0.6900274938986214,11.796558666666668,0.08230995754058763
215,108.34191266666666,0.9631479746754051,211.71412866666665,1.578127467402533,11.817389333333333,0.06938911625271853
216,108.06992466666668,0.9811391509436032,212.47818533333336,1.702287614800257,11.778998666666666,0.08255056828595096
217,107.58495933333334,0.5186609260984814,210.86116033333334,0.4685247333432159,11.800035666666666,0.027965100613681956
218,108.42124733333333,0.8444905285391525,212.266212,0.8595906984681744,11.921041,0.09634780779550674
219,107.653261,1.763658224736011,211.83968066666668,2.0863177476591015,11.826316,0.040737939970007936
220,108.625431,0.5435238855606985,212.63279433333332,0.7378470040254471,11.879426666666667,0.17764761005522536
221,107.41075633333332,0.2664444918746379,211.0077456666667,0.8053632760471044,11.814132333333333,0.044191912838587845
222,108.46836166666667,0.9419545391686028,211.46548466666664,1.1759486524782239,11.802038999999999,0.06418261064338299
223,108.037255,1.167881900837151,212.33629299999998,1.622536624722845,11.836003,0.04900729456927809
224,107.72910233333333,0.5014811847331208,210.69474433333335,0.7582052858331603,11.777982000000002,0.006226022887847357
225,108.19225033333332,0.4601316903499821,211.90394833333335,0.2739990792107313,11.822865666666667,0.046439976640103235
226,107.75790566666666,1.6530232064252295,211.83075066666666,2.1409551386253667,11.811989333333335,0.05800042529441801
227,108.55541633333333,0.8291796483135182,213.14163666666664,0.14649306149212482,11.828202666666668,0.043811299870391056
228,107.371466,0.29432717731973224,211.29081133333332,1.0366766322080954,11.808082333333331,0.06459418580904434
229,108.521406,0.608168125061654,214.53231466666668,5.127087631949175,11.762715,0.0443559787514602
230,108.12102900000001,0.9088448549994643,212.02623366666668,2.199893792631438,11.805589333333332,0.02368532022864247
231,107.78433966666667,0.34483356382802133,211.18964633333334,0.8952726679812967,11.753372333333333,0.0295229771759783
232,108.06468100000001,0.6398735702722821,211.45706099999998,0.8784437259215946,11.926011,0.13089758027939283
233,108.01001366666667,1.4940532984021482,214.58638600000003,4.51898093561491,11.763854666666667,0.09152809226862182
234,108.59669766666666,0.6115010129520108,212.89534233333333,0.03658284152896602,11.809406000000001,0.028529042412952035
235,106.99668899999999,0.9376710373169254,211.41028666666668,0.5607449748186172,11.837076333333334,0.020640875982702707
236,108.81001099999999,0.6331716366736642,212.12068233333335,0.7596579571888467,11.919091,0.31188404002289066
237,108.20969066666667,0.916798781659498,212.47105566666664,1.6498737691176055,11.788632333333332,0.09623231151922569
238,107.839697,0.5002065147426626,210.20555233333334,1.9492645458327043,11.966951666666667,0.3144575428151368
239,108.19977033333333,0.3580167377223158,213.901283,3.6609948669607695,11.817959333333334,0.0440745125251921
240,107.96223566666667,1.4799126728457048,211.887529,1.585136147569984,11.823999333333333,0.02682536457037148
241,108.300662,0.7100477926759615,211.20775,3.1817610891812786,11.811676,0.05366269489133068
242,107.38679266666668,0.41914003911619957,210.977656,0.6216976510386701,11.815659333333334,0.046298978437254286
243,108.59487066666668,0.9334681605873538,213.67266266666664,3.539005306889255,11.826049333333335,0.039132904394298874
244,108.604227,0.7284545350555546,212.612201,1.8032881422803833,11.761298333333334,0.011640327200441601
245,107.68301799999999,0.9864474205242721,215.32060900000002,6.569340344697945,11.800735666666668,0.037414416209976126
246,107.689158,1.1392253503328498,211.09625766666667,0.8760699043896819,11.802242333333332,0.07833618072342646
247,108.40555033333334,0.9998852978098747,215.0260523333333,3.448197484309782,11.803929000000002,0.009957396697932297
248,108.083408,1.2247105404445529,212.063998,1.9942630999767883,11.820563000000002,0.05219678927865233
249,108.011597,0.21204194714961389,209.69232366666665,2.6071457672524336,11.814072666666666,0.022215908811780094
250,107.70905466666666,1.1902137397716952,210.4933903333333,1.602464582714495,11.758008333333331,0.02971694190749338
251,107.80578000000001,0.6142196202116927,215.57783533333335,4.210969881058802,11.957498333333334,0.21567101718667142
252,107.92808866666667,0.7983618724866147,212.82760466666664,0.12435513423390775,11.805812666666668,0.022315417234130514
253,106.99807933333334,0.4587540668226683,210.72902166666668,0.8612242467269098,11.763705333333334,0.05891067122630099
254,108.29490566666668,0.3549240474021614,212.0675646666667,1.2714050440270133,11.824452666666666,0.024243746705765432
255,107.78700966666668,0.39605928628720904,214.03378566666666,5.067363039658238,11.82747,0.08056253333280923
256,107.67858766666666,0.7320907287415486,214.30928400000002,5.713372294848019,11.815202666666666,0.08890946361514791
257,107.535979,0.704632891937355,211.22403666666665,1.5766102906160215,11.765858,0.0747686844674957
258,107.39576966666665,0.2746893342420431,211.36008233333334,0.3492023444957495,11.790408333333332,0.0673771491258966
259,107.67846466666667,0.4105116580443666,211.63815,1.7607844104855601,11.797152333333335,0.042801534088550336
260,108.16588966666667,0.2450930639661877,214.65345666666667,4.249997325104146,11.806145666666666,0.09712925872945427
261,107.51396866666668,0.8709796454018524,214.01353566666668,5.136809277456705,11.85871,0.02174159674448939
262,107.93188233333335,0.7621535476118568,212.5291796666667,0.5179403142151902,11.835616,0.028357189934829417
263,107.75088833333332,0.518443702484019,214.08086266666666,4.922424417631247,11.821749333333335,0.06418720724827752
264,107.57421933333335,0.6762669159454274,210.6505536666667,0.09205074417044187,11.832495666666667,0.029502594569517607
265,107.84412366666668,0.903475537538418,214.26542333333336,3.8004318455008828,11.833813000000001,0.024680028140178632
266,107.70977166666667,0.9768135633202162,212.05977466666664,1.383599699975516,11.809502333333333,0.08741600665972603
267,107.611287,0.7131814798275417,211.59058333333334,1.2749739226314891,11.797692333333332,0.04301759098709893
268,107.940646,0.5300332539482798,211.27049399999999,0.9957503468485411,11.863326333333333,0.025085466954659345
269,107.68285833333334,0.9649840485900953,215.83569433333332,7.504304265670757,11.762734666666667,0.048035461747893554
270,107.40778999999999,0.6591261173007787,211.62523333333334,1.3761799296721011,11.818959666666666,0.027202566815161693
271,107.99596966666667,1.008243559266475,215.4076226666667,3.764438817840226,11.807089,0.060019153251274805
272,107.66776800000001,0.33791974791509766,211.14741866666665,0.5531252392382086,11.797729333333335,0.03630260839572503
273,107.44621033333334,0.3990466762201347,210.91256433333334,0.7002130746439466,11.911980999999999,0.15440806795307088
274,107.887074,0.5933394266463373,212.031897,0.7723703909919126,11.822282666666666,0.053952108988744425
275,107.43769300000001,0.04811953188675011,210.739678,0.2434583160132308,11.802202666666666,0.054824915816928145
276,108.21341333333334,0.30186381947218344,212.75112000000001,0.6964553210163663,11.831216666666668,0.024733842651988355
277,107.38964266666669,0.8523229597900881,211.43720399999998,0.20963131437597865,11.825299666666666,0.0046115858805115505
278,107.920542,0.3281021560185166,211.30944466666665,0.875018547026482,11.829123333333333,0.08118476495213454
279,107.79363966666666,0.6708539004778413,215.18561166666666,4.4202920135195,11.829382666666666,0.030259564014263916
280,107.34071866666666,0.18238889248069673,210.92878499999998,0.25114238531159583,11.856035999999998,0.017988764576813147
281,107.74920566666667,0.8189223757623972,211.38332933333334,1.79656606816486,11.794082333333334,0.051383420013982245
282,107.27272066666667,0.799302870365379,211.49253766666666,0.06393358942945235,11.794835333333333,0.027992718416283865
283,107.85942766666666,0.598007129089892,210.93839466666668,0.29574035718063574,11.85183366666667,0.05893027001748185
284,108.107525,0.45196947791194647,212.508929,1.2270206796142424,11.792971666666666,0.06583026614205169
285,107.213196,0.531807790327486,210.77681199999998,0.6628386090354174,11.825292666666668,0.005747832316041437
286,108.21976366666667,0.28706014238192384,211.73723533333336,0.26058405639894455,11.771215666666668,0.04643371191638027
287,107.70507133333335,0.7410732588950536,214.34658066666668,4.932868040361547,11.782112333333336,0.04032123343020744
288,107.58431266666666,0.4665215825128891,211.78474666666668,1.331413187109973,11.808452666666668,0.06587245954367663
289,107.60843299999999,0.7697411465265435,212.42883466666663,2.778966812960228,11.803918999999999,0.023779165439518423
290,107.50102466666665,0.7328063305576218,211.39310933333334,0.9372520771875181,11.816479666666666,0.020425311780566117
291,107.209909,0.3690093725801537,210.91354166666665,0.6090014785157102,11.818706333333333,0.02351755951057286
292,108.06404100000002,0.5115864191981636,212.0010573333333,1.0109308252814895,12.041503,0.35150616799566975
293,107.555186,0.7831243536699639,215.09783766666666,4.642215072499368,11.886914333333332,0.14778000896377494
294,107.89692133333334,0.5724605383258615,211.69852166666666,0.5952447295779596,11.810582666666667,0.06809290267225694
295,107.85067433333332,0.7526974310865814,213.54348733333333,5.372863975840937,11.811289333333335,0.03308886166572216
296,107.79493000000001,0.7441022528987544,212.26381133333334,0.6951521974376139,11.764505,0.06966535782582327
297,107.53429833333333,0.3106580011239584,210.61190233333332,0.3383206955927085,11.710987333333334,0.028348003709844066
298,108.23177400000002,0.2894133536708388,214.86627366666667,4.033800618408683,11.823489666666667,0.0393052749810163
299,107.19342933333333,0.2871249026231128,211.37870933333332,0.8053868705785638,11.774541999999999,0.0610223359762635
300,108.07735133333334,0.07398371919100331,211.89406166666666,1.1662124942227947,11.786501999999999,0.08954531214418718
301,107.19768266666665,1.1385638493603838,211.06537733333334,0.7901792025416383,11.806713,0.03240372521794371
302,108.21515733333332,0.44880150012709624,212.20989366666666,1.773376764947978,11.830636666666669,0.06203993586661232
303,107.84838366666666,0.4712207073997625,214.377475,4.4970828576410495,11.813666,0.011764810283213733
304,107.73919933333333,0.6340233217716333,214.13622033333334,5.027768696055282,11.811029666666665,0.0402586231922224
305,107.80405933333333,0.3170047050444681,209.781685,2.4619481380624206,11.792939666666667,0.046888374148964795
306,107.53769533333333,0.7757385320520926,214.98344933333337,9.80578557725001,11.794182,0.050716526665378237
307,107.96562566666667,0.4722585020498102,213.898593,3.244573464899664,11.850556666666668,0.1423166330628054
308,107.90406866666666,0.7006599198515171,213.22231499999998,4.054160527101884,11.778329,0.04664876856895605
309,108.272625,0.5416016331243795,211.0194326666667,2.415959010996746,11.727481333333335,0.032123811127158626
310,107.38956566666667,0.750857937534346,210.830323,0.2681009987542012,11.792882666666666,0.02267335295745422
311,107.93254866666666,0.6021391695333637,214.530154,4.844320461419537,11.791885666666667,0.03559723742558327
312,107.27117066666666,1.0296331523121924,213.51806699999997,4.4398797336337825,11.795309333333334,0.05958491154926121
313,108.00315,0.4116801047670398,210.21579633333332,2.62713607949213,11.769372333333335,0.0755689613620124
314,107.42074333333333,0.5467390496135531,211.043217,0.6624973470165709,11.837789666666666,0.04147961789039665
315,107.98704266666668,0.644698438729561,213.97087766666667,3.5799480891692044,11.959641666666668,0.27049172996661686
316,108.24734799999999,0.7920377446290002,211.934622,0.9677517642024689,11.787765,0.06794419593313315
317,107.59453333333333,0.9123752843585405,214.79715566666667,6.896054847123566,11.893534,0.135565512808383
318,107.74364266666667,0.23872351731937305,210.84224700000001,0.25155969938962974,11.814889333333333,0.04770926948018931
319,108.13294233333333,0.7027000169918416,215.28634033333333,3.5354710132541554,11.814895666666667,0.11533621712772323
320,107.426273,0.19745167115778098,211.0529333333333,0.30591139079205715,11.796449333333333,0.036237774549955096
321,107.745939,0.6400185262388876,210.79237233333333,0.6169205563363249,11.796219333333333,0.08089188102852606
322,107.84274366666666,0.7427802436012506,211.59401266666666,0.6564749375942182,11.830446333333333,0.027511437645701537
323,107.33724533333333,0.15259063193503847,212.97331799999998,3.6716117914375146,11.803312666666665,0.0643457442596899
324,108.50596200000001,0.14802454381283803,212.34351633333335,1.1342297634775425,11.814282999999998,0.07121707779037324
325,107.23034333333334,0.5649597263720104,213.96955133333336,4.811326123370798,11.789435666666668,0.054877398857210616
326,107.597376,0.4049331358668988,210.61383566666666,0.5373156335119355,11.773795666666667,0.033849193673310955
327,107.86849433333333,0.4802290766096317,214.18440766666666,4.768380697729606,11.827372666666667,0.07844235153495449
328,107.29990166666666,0.18317231547461513,211.15540566666667,0.2688615139329858,11.765598333333335,0.08480270477604689
329,107.849191,0.9763412362919057,211.19874266666667,1.0771931909074302,11.840306333333332,0.04307194609410345
330,107.99577,0.7948835456769741,214.4577863333333,4.209985492647967,11.791372,0.04351149159704835
331,107.64969733333334,0.14064387967250752,211.01371666666668,0.5530081551318572,11.987135666666667,0.21760529874369625
332,107.848237,0.3569550809401639,210.98198566666667,0.8312403459170759,11.844499666666666,0.0028162088582586947
333,107.67687433333333,0.9089460143398748,211.83057366666665,1.212944397874168,11.812269333333333,0.03995780579978461
334,107.36076233333334,0.5588525233595518,211.69040099999998,1.0516920752563457,11.753198666666668,0.03408277338089306
335,107.94072166666666,1.336466457327427,215.940025,4.845709248505001,11.810482333333333,0.06024748237340188
336,107.45594366666666,0.7563082149694877,211.742919,0.6361542211610309,11.790839333333333,0.04573252359462956
337,107.91468166666668,0.4382901070482148,211.000716,0.2899579403620447,11.766492,0.048766756822654474
338,108.19256633333333,0.7284043206299187,212.28649166666665,1.1287019183071896,11.793429000000001,0.054050531616257426
339,107.33824866666667,0.40084041807473725,210.81730700000003,0.5914746950977662,11.837059666666667,0.14137617494589838
340,108.34205266666667,0.40267071977154595,211.43654433333336,0.5951470065037239,11.795619,0.013684020936844584
341,107.99586033333333,0.8093844708865731,211.54011566666665,0.8199474650984316,11.836703,0.04924060669813142
342,107.45233366666668,0.4048214755053577,211.74815566666666,1.0893619782057364,11.800819333333331,0.03741800748748253
343,108.07971433333334,0.9843395968721073,212.3457063333333,1.2791423121726349,11.820982999999998,0.11334241041640138
344,107.92157200000001,0.42792819716746644,211.24838999999997,0.19529450906515633,11.813029,0.05142036062689575
345,107.872388,0.3712834822248307,210.98468266666669,0.3247945514049237,11.809969666666667,0.039332081578952405
346,108.19841699999999,0.5450532498233536,213.773924,4.259610890946263,11.773075333333333,0.03795516039135352
347,107.74010566666668,0.7174741341765127,214.19512133333333,4.197884142902274,11.774181666666665,0.07057217592177015
348,107.90972199999999,0.5481144201888901,211.719619,1.3209046484053977,11.840766333333335,0.011309766634786087
349,107.97149333333334,1.041617530274112,211.403536,1.0396566305473267,11.801785333333333,0.046652876806616436
350,108.04307766666666,0.2158003374263663,212.05955400000002,1.057591801361933,11.801312333333334,0.05031049664168816
351,107.50021166666666,0.9287436931389265,219.31014433333334,4.95252124924773,11.800732000000002,0.030300000792078747
352,106.911848,0.34774611491143764,210.791782,0.9814261206117415,11.778438333333334,0.061563702238684216
353,108.58532033333334,0.43710199555748547,210.15708733333335,2.1521002978370425,11.735734666666666,0.042164059485933346
354,107.51695833333333,0.37026452940746696,211.3749293333333,0.9832800176106224,11.787648666666668,0.09811211231205515
355,107.82409033333333,0.6366288747004235,211.93039233333332,2.4305274414203417,11.855336666666666,0.06977851579342555
356,107.90723200000001,0.6983159726112518,212.03178400000002,1.0923289100435793,11.824695666666665,0.028252866621519185
357,107.65194366666667,0.2092848338803727,210.941582,0.609560754283773,11.818653,0.04998347954074399
358,108.080695,0.47914094065629564,212.18119000000002,1.3430297755075988,11.824755999999999,0.047726531520738115
359,107.495828,0.792137059824243,214.66927966666665,4.764996256180517,11.804369333333332,0.07163243088387675
360,107.74067866666667,0.39108579145416683,211.96853966666666,0.6505493811958694,11.799345666666667,0.03415664360462428
361,107.83408033333335,0.6595645097004047,209.88286266666668,1.907165337445696,11.803808666666667,0.06020617809937227
362,108.03019733333333,0.2693983305392493,211.689208,0.474138988667887,11.806222666666665,0.05259267661313035
363,107.42361999999999,0.32862664556149684,213.31938333333332,4.152677568443072,11.891437333333334,0.17359307498956672
364,108.12663866666666,0.45387777432292614,211.40357633333335,1.7547428821950877,11.768148333333334,0.09533332599009314
365,107.80681299999999,0.2703153883429483,210.43182299999998,1.4455258269695554,11.86763,0.07167163950266528
366,107.89130133333333,0.6613690953350738,210.731351,0.36019114965667676,11.819046,0.04755825367904028
367,108.200557,0.18848301128483755,214.43586266666668,3.099998438802245,11.809755666666668,0.04855196134383573
368,107.39102566666666,0.8404798232107273,211.242167,0.31478868789871356,11.810019333333335,0.05097668012271256
369,108.08581833333335,0.55214836573546,211.83321666666666,1.122718098338724,11.766525000000001,0.04237734030115616
370,107.86646766666667,0.5051523284607687,211.76249300000003,1.4919167386576886,11.790155666666665,0.07103503238074348
371,107.89256433333333,0.27028437112481307,212.06978466666666,2.733706626179423,11.797819333333331,0.061415603101600956
372,107.60614633333334,0.8414190659263234,212.104392,1.5436259018505734,11.800992666666668,0.060031486541091944
373,107.82501033333334,0.7155487525000133,211.44805366666665,1.2286810493115439,11.801505999999998,0.016314824026019734
374,107.96396933333334,0.17240290773747183,211.361943,0.26801549649974,11.796039333333333,0.05583122168046612
375,107.765959,0.5189402563484542,211.23560333333333,0.8329460549341431,11.767642,0.04694488950887025
376,108.16937633333335,0.7034086706789511,214.60702233333333,4.059749568785787,11.802829333333335,0.05920245040818218
377,107.871578,1.2399871289013413,212.33189266666668,1.174962956742191,11.795876,0.05888683981162477
378,107.89572733333334,0.6748333739378438,211.54317866666668,0.22869840832270466,11.808915666666666,0.004845320663623502
379,108.16281233333335,0.4507520248433006,211.01787966666666,0.10512539327075537,11.842103666666667,0.031150848099743587
380,108.27233766666666,0.49485695230978627,211.912855,1.5491843461876906,11.808772666666668,0.022262269074227434
381,107.63975699999999,0.37543493736199135,211.86511800000002,1.185968017884122,11.828742999999998,0.0014884851359681843
382,107.91785533333332,1.1254857224213624,211.68513799999997,1.2588741059776354,11.769562,0.02312227992651194
383,108.11796166666666,0.27818572609020337,211.91028533333335,0.31162030495513177,11.778398666666668,0.08635789085157992
384,107.76649900000001,0.15354186323931354,210.88770399999999,0.36653660250648873,11.829136,0.08395260145463058
385,108.390977,0.6758455228497101,212.41454066666665,1.760812718051052,11.813809333333333,0.044282088662723956
386,107.589986,0.07723138294760788,211.31525133333332,0.6184073003129327,11.807743,0.0073155053824049765
387,107.86701733333335,0.6811661330177354,210.989336,0.16353766371084158,11.842906666666666,0.13877828458492084
388,108.084521,0.47774993295551166,212.37679333333332,0.5812973999093164,11.893320666666668,0.20256888119929264
389,107.53136866666667,0.248804012661239,210.86257366666666,0.1572154574376598,11.791422333333335,0.04995961771604411
390,108.458678,0.4380689332433911,212.08702166666663,1.3325825196993717,11.769215666666668,0.011707543821542108
391,107.59351933333335,0.931253853466573,211.21110933333333,0.34118287458536406,11.818303,0.05786228753687536
392,108.00119,0.6380626136023028,210.9631323333333,0.5497727994511278,11.818572666666666,0.028583330567541285
393,108.18531933333333,0.5656893877847943,213.11723599999996,1.303045859117781,11.813756,0.05748035012941397
394,107.48608133333335,0.8613691591445218,211.18580633333332,0.9632569465772558,11.765728666666666,0.03287906528983656
395,108.17732600000001,0.31089166508447685,212.32018200000002,1.3834737221996642,11.751322000000002,0.08660670094744431
396,107.80425633333334,1.1253276834479509,211.94801633333336,1.08883517127907,11.816646333333333,0.03719117477753722
397,108.26730466666667,0.43169705629565125,214.23068933333334,5.831779945609094,11.798275666666669,0.04835159010139566
398,108.01074033333335,0.07211317653753048,211.150605,0.8547092490625107,11.741518,0.054922879722388934
399,107.72994166666668,1.1067587577834388,212.19583699999998,1.7252815234007504,11.778829,0.04272402962034342
400,107.82863333333334,0.5181368616729884,211.67362733333334,1.1143267362646934,11.791755333333334,0.08679024236821407
401,107.92278900000001,0.747586827885566,211.61973666666668,1.6090465857029546,11.710787000000002,0.010512530095082228
402,108.10190833333333,0.5881762448844124,211.6698273333333,0.6308029427993577,11.833736333333334,0.08465342804832707
403,107.63356366666666,0.6211997067741813,211.1489363333333,0.6047979859269766,11.761064666666668,0.07744000090607847
404,107.996145,0.8229346472819105,211.80574266666667,1.1596869680807516,11.856883333333334,0.12491434573071758
405,107.82593166666668,0.3737209994117659,211.7849186666667,0.9392643994479538,11.847332666666667,0.03432824980003131
406,107.629488,0.7879802312139574,211.71539433333336,1.1235209932850967,11.780442666666668,0.04265157227270033
407,108.36634766666667,0.5708241923064655,212.68779766666668,0.9695400660737754,11.806685666666667,0.04425685025319065
408,107.77083366666666,0.4768686358498883,211.00370533333333,0.4471100884987205,11.850703666666668,0.018065490979582065
409,108.14537,0.4860301962728251,212.19976266666666,2.113532619267639,11.824086333333334,0.02966998622064613
410,107.78668699999999,1.0662440777176732,211.77494533333333,1.1970006356428227,11.818129,0.02384879512679812
411,107.91326933333333,0.28095379917405205,210.85313599999998,0.7314560039763212,11.811835666666667,0.02419796318563471
412,108.14916033333333,0.18999072550346963,212.04551333333333,0.7803583328352109,11.795589,0.07479946943662043
413,107.37667033333332,0.801254610713307,215.61866266666667,6.965708618917406,11.813142,0.012773890088771167
414,107.59849366666667,0.7521045312782857,211.48650999999998,1.3169659847547297,11.816265999999999,0.028428580530867765
415,108.269946,0.9255357496288296,211.50252,0.6056473713416018,11.799432000000001,0.04433617481244883
416,108.08763266666666,0.23156435229614536,211.6297963333333,0.7694203864106692,11.824652333333333,0.05853731938117203
417,107.57821733333333,0.24241474817001418,211.05643899999998,0.47428505992073,11.829673333333332,0.034072974926374934
418,108.32679333333334,0.6157768981517012,212.40514666666664,1.3947178336546455,11.885267,0.1340197897364415
419,107.71151333333334,0.482679171970708,211.83000933333332,0.8828494840018601,11.889966666666666,0.11409301647486292
420,107.65641466666666,0.6606687519001786,210.95888433333334,0.32240390158670457,11.804449,0.013923711394595448
421,108.38404433333334,0.12421938774737577,211.86475,0.5341418922505528,11.835092999999999,0.052061658358143
422,107.25112133333334,0.1252241832647879,211.08190966666666,0.1884345627355399,11.809145333333333,0.021082696514756447
423,108.35986100000001,0.5583113489550463,212.12366133333333,1.4350308051482155,11.806885333333334,0.08123485164837407
424,107.87615233333334,0.1427055146423314,211.9539986666667,0.2720794770454609,11.828359666666666,0.04027428287795277
425,107.58095100000001,0.7650339464252569,210.807908,0.1267275807667738,11.805898333333332,0.022414832462753997
426,108.64534566666667,0.08326785949172032,213.23898366666663,0.24117748148891113,11.806348666666667,0.026799632111902304
427,107.455108,0.10352402040589047,211.11189033333335,0.4849402331775814,11.810102,0.08101333227932343
428,108.30054999999999,0.3939782459387859,210.9302506666667,0.3476397457057119,11.795381999999998,0.039362010123976145
429,107.88181266666668,0.4864067671510462,211.96431199999998,1.1438902105691775,11.814289333333335,0.02619428823872332
430,107.296542,0.4720983398064389,210.93304766666668,0.8199005014221841,11.845739666666667,0.03229577078091381
431,108.41725833333332,0.36340972919327286,212.81664366666666,0.45773683872104143,11.810469,0.03551718016678714
432,107.23844766666667,0.6525374733763082,211.185438,0.4352113355152811,11.829016333333334,0.08463797446969837
433,108.089906,0.4157236465586248,211.46952666666667,0.8720946029109055,11.810535999999999,0.043428642057977765
434,108.16544033333334,0.7240718097484065,211.9573783333333,1.2954008929398315,11.965411666666668,0.20534417268900887
435,107.667215,0.4070804922850081,210.760821,0.28105198453843633,11.831448666666667,0.029082495789276734
436,108.11413366666666,0.24901055292162852,211.311374,2.324648877758313,11.803592666666667,0.0049106653656442656
437,107.55919633333333,0.3676434179600292,211.20147866666665,0.3752100420435735,11.792181666666666,0.07483604682459685
438,108.20146833333332,0.22198571361764366,211.599162,1.11612201439762,11.776981666666666,0.03311284669631075
439,107.818715,0.5828638169169567,212.19097599999998,1.8542026466988362,11.781078333333333,0.10750955341890978
440,107.475005,0.6203387339486418,210.950344,0.6368914531794162,11.798825666666668,0.04338096682109945
441,108.092789,0.7250445510084205,211.898671,1.0543753203119803,11.830992666666667,0.048125372459164206
442,107.578574,0.59300720724372,211.03443900000002,1.0232853570241365,11.754818666666665,0.06695681593634292
443,108.02548466666667,0.5470991982788244,211.57348566666667,0.42802537925026074,11.787502333333334,0.01770134549499934
444,107.67708166666667,0.9324633625689219,211.86493699999997,1.3044558812627645,11.813755666666665,0.02880101596008994
445,107.74426299999999,0.2481094609622947,211.812109,1.4193003414933048,11.816305999999999,0.0275007618076301
446,107.94987033333332,0.8491748730893578,211.52030433333334,1.6133108431760341,11.787278666666666,0.05067807416756656
447,108.13948733333332,0.6237975636633497,211.94270533333335,1.6580499932530142,11.806705333333333,0.06223487189938885
448,107.51151566666665,0.9291338227840691,211.013999,0.3782039807974089,11.847502999999998,0.16930127214229665
449,108.03604533333333,0.5766220854817575,211.40033200000002,1.4314409374766413,11.889790333333332,0.10977711165053179
450,107.53969633333334,0.26410543545018894,211.466547,0.4054109625688516,11.819352333333333,0.055520426694446165
451,107.99224133333333,0.7625696165271288,211.304614,1.2167127923511774,11.770251333333334,0.05719747332123522
452,108.21305133333333,0.3324188533121028,212.65014999999997,1.0259689030555437,11.790042333333332,0.02373250307770571
453,107.257085,0.991288846611825,211.15216766666666,0.3536658219411894,11.830209333333334,0.030078008982200623
454,108.41254500000001,0.27118465371956463,211.974559,1.4019631886840047,11.805322333333335,0.057293726971923635
455,107.50221566666666,0.6800241759675469,211.46083333333334,0.5963643417377726,11.821832666666666,0.02950936163886463
456,108.04287900000001,1.0269231302492923,210.56875133333332,0.32346894553315875,11.811589333333332,0.012928197644425675
457,107.96607366666666,0.43351805395200016,212.922012,2.4014080689820316,11.733587666666667,0.05032966143670537
458,107.73358,0.6360023211498552,211.38466200000002,1.137040838796921,11.788585333333335,0.07385834611154857
459,107.92703633333333,0.8765125382248262,212.74525566666668,1.0809466650322372,11.794229,0.0415621761581364
460,107.70805266666666,0.9071880947324699,211.586198,1.0793739382276255,11.824715666666668,0.029347549988598846
461,108.10517699999998,0.28729945006734664,211.38597833333336,0.5627928073530477,11.812356,0.013957426732747191
462,107.91414266666668,0.4828956137141099,211.46439666666666,0.46084610153969374,11.791842,0.05553334031912725
463,107.788768,0.7295638838244379,211.46281966666666,1.5797353088933446,11.828602666666667,0.06932956293193687
464,108.02289166666667,0.6997771243191183,212.65409733333334,1.1166448828299638,11.826299999999998,0.0622837305321385
465,107.80147766666666,0.8728157993186959,211.56637466666666,0.7233608363219097,11.854790333333334,0.1025697448097313
466,108.178827,0.39164022080603217,211.752402,0.874778431439067,11.799662333333336,0.03041101955432155
467,107.91781266666668,0.8478424991272421,211.72862766666665,1.336862516536512,11.786632333333335,0.0953278926722572
468,107.99091400000002,0.4098098783009011,211.51843066666666,1.5348901174130751,11.819943,0.03675715613319352
469,107.86511533333334,0.24748456631946816,211.20433533333332,0.7254082869876343,11.820932333333333,0.04506903749064666
470,107.94576366666666,0.9235794608274542,211.74242800000002,1.5272552535876252,11.778374999999999,0.025818994577635524
471,108.030781,0.5040784872705846,212.09909433333334,0.8100043047023439,11.777698666666666,0.08004383799102392
472,107.78503066666667,0.8654427914572579,211.46718333333334,0.6621842075694099,11.852133,0.02220806132916602
473,108.16327133333334,0.3958324733221522,212.26922399999998,1.2814263514876651,11.815148666666667,0.05073725327935461
474,107.65901166666667,0.12760192339590223,211.30827033333333,0.41674976834586247,11.818173000000002,0.04164716494552792
475,108.06606299999999,0.6553776298188716,211.16662499999998,1.1158247125462832,11.806292333333332,0.04623456164314063
476,108.31539333333335,0.44474927374008577,212.16004533333333,0.7393750057726574,11.824812666666666,0.024389940843169942
477,107.28632900000001,0.7179589128884759,211.16227133333334,0.214072562380916,11.797339666666666,0.0024087592933564584
478,108.55024800000001,0.4258577400012804,212.75818566666666,1.1720302862914274,11.824045666666665,0.02253781334409672
479,107.75488333333334,0.5980519189354151,211.35736466666665,0.3203286174061452,11.881427,0.1574602067952407
480,107.79282733333334,0.21041081369628786,210.76313800000003,0.28664476975343345,11.941377666666666,0.10724748719822447
481,108.35447066666666,0.4152669674562788,213.21933066666668,1.0132325488111373,11.837442999999999,0.033651520604573285
482,107.34612299999999,0.9615841729567937,211.23645266666665,0.6381157162312651,11.812569000000002,0.05991581133557261
483,108.31181633333334,0.5424494242916409,212.103624,1.1771064520964225,11.787489,0.10430133326568704
484,107.92625299999999,0.8236216547159229,211.8436366666667,1.2278833831265663,11.774402,0.05555469916217707
485,107.75023333333333,0.22796767435172596,210.74715066666667,0.44586748053914355,11.809952666666666,0.04003788875969097
486,108.02071466666666,0.15182353182670505,211.619103,0.6162110949447471,11.765251999999998,0.07138247079640819
487,107.61940499999999,0.7399514899640371,211.1198873333333,1.1292481201761322,11.791182,0.032144799719394976
488,107.85952533333334,0.5168357298023518,212.5246516666667,1.3744477067376262,11.824965666666666,0.03500772772308061
489,107.51645933333333,1.2409822434351492,211.75357500000004,1.1046680331796417,11.805221666666666,0.04824569322056995
490,108.43166866666667,0.2079423265459258,211.37520466666663,0.4146788403986092,11.795548666666667,0.05387133217522376
491,107.606711,0.08284908440652673,211.25057633333336,0.3921552271286573,11.759811333333332,0.025658455532891207
492,107.925936,0.4316860326070359,211.771432,1.8661286326582507,11.788782333333332,0.044759427725713744
493,108.18257799999999,0.5089871113525356,212.65283066666666,0.6531112021825421,11.794545666666664,0.10884779575780756
494,107.14154633333334,0.7098366853272208,211.134061,0.377678809263908,11.818216,0.046702005428032545
495,108.54523766666667,0.3618222797249077,212.25636366666666,1.0682772631280366,11.832549333333333,0.005342673893598479
496,107.491909,0.39078758744744896,211.3918756666667,0.6739262259938614,11.871086666666665,0.04410292532625605
497,107.93345666666666,0.5872903854009,214.58907833333333,6.734427193089718,11.763924666666668,0.007072587386051354
498,107.79801433333334,0.6969554422531877,211.6890973333333,1.2668697727806724,11.789521333333333,0.12223779449226606
499,107.82665466666667,0.7577221408830126,211.630433,1.6527701107740302,11.833959333333333,0.03558812208214071
500,107.87471933333332,0.2219774738894332,211.18026133333333,0.41862125252109045,11.787802,0.031098265401786937
501,107.76615400000001,0.39412204086171637,211.29264633333332,0.969075188466992,11.807162333333332,0.06515035856642254
502,107.84058833333334,0.6230520575371925,212.103151,1.1767879902433558,11.823205666666667,0.03882801375725152
503,107.25712499999999,1.0294431330738933,211.77716533333333,1.2374646148413027,11.823366333333334,0.07271455098075917
504,108.14267699999999,0.5482288265377888,211.78893200000002,0.6357770531648708,11.814259333333334,0.04047075257928063
505,107.93205633333332,0.4027674476175251,211.05860299999998,0.3288066622150499,11.835562999999999,0.04065790030240137
506,107.82595433333334,0.2516198343857963,210.96819833333333,1.1402705072500667,11.811312666666666,0.057873968365175166
507,107.83674866666667,0.6630451126373971,211.76521200000002,1.0379485885191981,11.801632,0.060231377694686665
508,107.778564,0.6821673336953356,211.67851066666665,1.4400201818642473,11.820558333333333,0.07411219929494277
509,108.074506,0.4254321756907901,212.0866103333333,0.8738665528879919,11.886916999999999,0.1206354956097087
510,107.883819,0.5158445276282365,211.29094966666665,0.5734685066002622,11.947831333333333,0.14534005212030662
511,107.87037933333333,0.31645565998467184,211.50769366666668,1.1036906119480776,11.836756333333334,0.01922451459291858
512,107.615661,0.832803512728545,212.1141276666667,1.3047906166007452,11.770082,0.031207347996906137
513,108.10112,0.6761616619352236,211.66731666666666,0.8981908808651677,11.849723333333335,0.0268764174013816
514,107.93426299999999,0.6709989103329449,211.77961866666666,1.3581875495767708,11.805879,0.0504702158901668
515,107.65290833333334,1.1612141116703374,211.80789933333332,1.4375771829868222,11.837529333333334,0.04907699356453393
516,108.05996233333333,0.646271871107153,212.11788099999998,1.4698923940761748,11.807969,0.05632903094319972
517,107.89429233333333,0.8623976800208484,211.14362433333335,0.19647825182787132,11.843040333333333,0.028252377852727703
518,108.10312966666667,0.5415748810610901,210.89787666666666,0.4844092510845861,11.823322666666668,0.035300413685016754
519,107.80814099999999,0.3214237930147662,211.5504543333333,0.7237111597345481,11.850809,0.043383918529796194
520,107.71853666666668,0.8437108270434456,211.82594966666667,1.8856138726816107,11.835332333333334,0.023871326111745837
521,108.03257866666667,0.31613196334020444,212.38774266666667,1.2698779679293355,11.749108333333334,0.03440220638757586
522,107.18760666666667,0.5151896774997882,210.72778099999996,0.17393564123837205,11.818675666666666,0.05959656853656424
523,108.207095,0.21066126205118435,211.38314533333335,0.35529610108941395,11.822309666666667,0.03975944795056049
524,107.65071166666667,0.08420772084751817,211.306104,0.39939198196884657,11.848359666666667,0.023275067869574822
525,107.98458066666667,0.8476795339845901,211.043599,1.4527852117925126,11.815179,0.023151988856251988
526,107.97456766666666,0.27347527102341745,212.49796433333336,0.6623921942673706,11.813549333333334,0.03705472191682668
527,107.16512300000001,0.5291037958765709,210.79864166666667,0.3870039304533425,11.939241666666668,0.12886795544406504
528,108.42570466666666,0.15731253308409113,216.24102366666668,4.873413322190231,11.805242666666667,0.05709394188820106
529,107.45960866666667,0.31899186458643863,210.829375,0.23925287384063706,11.825835666666668,0.017619175132034842
530,108.49491933333333,0.49654540578917433,215.85351266666666,5.591321897169236,11.816429666666666,0.06374363295524801
531,107.64231766666667,0.605271747913563,211.0125416666667,0.8685702977562245,11.855053,0.006808816931009737
532,107.86737533333333,0.42278012547934557,211.445846,0.8567931986815691,11.852876666666667,0.010875330906842787
533,107.601288,0.9079588121533902,211.88323066666666,1.3154144515099997,11.841036666666668,0.012188761640680409
534,107.84077166666667,0.3172872835181565,211.76902900000002,0.941691826460753,11.833542666666666,0.051543674358095204
535,107.66213866666665,0.3712875859079219,211.756922,1.6563794438557815,11.832225666666666,0.04417613102494743
536,107.86094533333335,0.45381503570213344,211.624896,0.6953756690394033,11.796342000000001,0.046335497547776605
537,107.64504099999999,0.5974265897053825,211.1370873333333,0.48995216002211406,11.862336333333333,0.020899234970048964
538,107.98457766666667,0.7269665883452551,211.67845699999998,0.9117021552875793,11.790769,0.0499377010784444
539,107.844745,0.3414232934452466,211.59790566666666,1.0998804419382764,11.862643333333333,0.02125718660437808
540,107.82213433333334,0.6055798622876511,212.19769233333332,2.6523567937252204,12.022219333333334,0.26101758113263795
541,107.892112,0.6748869968972613,211.75230466666667,1.1240669272744932,11.863339666666667,0.08304328290917512
542,107.75776033333334,0.3485472255582258,210.825199,0.7194759156691712,11.830363,0.03963454084507609
543,108.091783,0.5175165091405262,211.548845,1.0035095115488455,11.855676666666666,0.0330137603482746
544,107.83242166666666,0.6965734785084243,216.04200333333333,5.947771029310839,11.840489,0.08883391464412674
545,107.34105333333332,0.8629070119429612,211.10671033333335,0.11925712131496413,11.857325666666666,0.0032619093079563235
546,108.48865633333332,0.08243238103034983,214.89008600000003,4.645511930486556,11.828052,0.08513661297585205
547,107.66622833333332,0.3891726509331507,211.72223799999998,0.4214130545237198,11.821439,0.0436060881987817
548,107.662939,0.3271953538316188,210.9196903333333,0.33934596097984554,11.807498999999998,0.004946236852395945
549,108.28815266666668,0.6397613078088853,212.37499233333335,1.860397808995258,11.840209333333334,0.03654003413152894
550,107.36745633333334,0.3646398507916177,211.8371123333333,1.2844115324195449,11.855216666666669,0.04035067784230287
551,107.85768466666667,1.1352223869649167,210.81323899999998,0.7069922822202461,11.859700333333334,0.009930328611547481
552,108.385408,0.22537073990871456,212.25423999999998,0.3537128836174878,11.840959666666668,0.01585625221587165
553,107.28860200000001,0.0613015300053777,211.20580900000002,0.22306559038318724,11.872183999999999,0.019090546849160558
554,108.34995066666666,0.3583679539584091,216.314334,6.143024269593021,11.849223,0.014526644760576706
555,107.74326,0.6181812458033631,211.354788,1.1456125996605524,11.828612999999999,0.015541536217503786
556,107.990381,0.2347112574568951,211.60396566666665,1.0263594458260452,11.856993000000001,0.007333095321894484
557,108.150084,1.0216573642097433,212.25702033333334,0.5914139073452201,11.855443,0.01928305025145128
558,107.66366233333333,0.5913233063031904,211.355082,0.46741345394736405,11.911068,0.06004468839123072
559,107.81716166666666,0.9254483936073008,211.34414466666666,1.0886223519372142,11.839088666666667,0.030012494087184777
560,108.20413433333333,0.7232064936657674,211.89125033333335,1.5548226527891664,11.809355666666667,0.0276377267938834
561,107.67339266666666,0.3492759352565468,211.51049400000002,0.6983638614619176,11.837513000000001,0.03857607492993532
562,107.83944833333334,0.9011570172297031,211.61831933333335,1.2796166704858585,11.846533666666668,0.03522658986239356
563,107.94165966666667,0.7550366831461461,212.325155,0.8444395269508692,11.835762666666666,0.015691000106218135
564,107.45640166666668,0.47855995593586165,210.74428699999999,0.3515429697391206,11.786141666666666,0.06006175175878033
565,108.38123800000001,0.7251090472149697,211.548771,0.7804864217531288,11.842943666666665,0.02668215141875451
566,107.66953833333334,0.3312316355427647,211.10274366666667,0.4580303375119726,11.858180333333332,0.014787046166606291
567,107.91866933333334,0.5355250780834948,211.26475333333335,1.805025944014743,11.841439666666666,0.020682578208080036
568,107.93276666666668,0.7606874075310673,212.058257,0.8915674895575727,11.849580333333334,0.07464883897512017
569,107.37558033333333,0.6008802846036276,210.821579,0.5362272886332791,11.866680333333333,0.028842887759953983
570,108.17481733333334,0.6679362653504741,212.25453366666667,0.7287016896195126,11.917204333333332,0.0922724010760164
571,107.15976033333334,1.2439186884890614,211.41713566666667,0.9754310902264356,11.889730333333333,0.11386754979946435
572,108.00277133333333,0.4531692529379429,212.081401,1.2850674321221403,11.828999666666668,0.013684175252214261
573,107.92989999999999,0.9150851981881265,214.62150133333333,4.121169886765701,11.804985333333335,0.02848173959457741
574,107.81916833333332,0.5284685601569246,211.21130566666668,0.762098131597468,11.818602333333333,0.04563708503326301
575,107.64613200000001,0.20717787644678862,209.74055966666666,2.6589091233075868,11.841453000000001,0.017945061186855887
576,107.84360833333335,0.7120240464438926,211.705188,1.3330121620735478,11.828962333333331,0.04541050211496617
577,108.03954866666668,0.4554079510783008,213.86648133333333,2.6633155601603646,11.816918999999999,0.049742293594083865
578,107.44638833333333,0.49151152679904636,211.62189899999998,1.0648779132632948,11.851570333333333,0.0441832879868996
579,107.84986499999998,0.911431520668449,211.49568066666666,1.3948562343110298,11.810722333333333,0.06288063002493934
580,107.82017733333335,0.5644274156499968,212.06015033333333,1.3282839669236104,11.857763333333333,0.02274109918920697
581,107.67257866666667,0.8006674455604729,211.639736,0.741884495685812,11.844546333333334,0.021720439252771662
582,108.08966600000001,0.5140334530952217,211.60431900000003,1.1072840053829924,11.828883333333332,0.02037790524890484
583,107.81381800000001,0.2121541194250053,211.3983453333333,0.6093995424000052,11.853843,0.0409299358294144
584,107.84335499999999,0.8074984672103139,211.75399133333335,1.867167688377332,11.838379333333334,0.03757748360831731
585,107.83419166666665,0.6180991544811673,212.722885,1.7452536905298353,11.853623333333333,0.034976987010509546
586,107.62509133333333,0.37166513390461137,211.2220623333333,0.37835344653687697,11.821645333333334,0.03981171437320103
587,108.25508933333333,1.0421508869124116,212.19648266666664,1.5099389182484668,11.827516000000001,0.03852402887809129
588,107.87957899999999,0.14899862423861973,211.589712,0.455194812295796,11.807585333333334,0.03118986685340845
589,107.45013166666666,0.6458420936113803,214.94281333333333,7.170801814202104,11.856309666666668,0.008906613348143157
590,108.19383766666665,0.29100711528127854,211.4524,1.2338226530133893,11.856459999999998,0.015213580742218158
591,107.616691,0.7509865241747014,211.1369103333333,0.31020934875876127,11.804609,0.044737998424158355
592,108.20912833333334,0.7251338826756965,212.20337333333336,0.9611580861961957,11.844819666666666,0.023305973940886862
593,107.36995000000002,1.413929953082191,211.07783299999997,0.8039195688823563,11.700450666666667,0.040974017185691505
594,107.80541466666666,0.3131235733098556,211.57498499999997,0.47071773994720423,11.822482666666668,0.03472159049256489
595,107.74548,0.8270862001684012,214.762021,4.6267731228655515,11.821859333333334,0.03416426579532128
596,108.20675166666668,0.3448956981847325,212.375666,0.652427209791255,11.817512333333333,0.055544751879302745
597,107.35712966666667,0.12566666213572206,209.77603399999998,1.4653621324304091,11.853226,0.013206164583254385
598,108.135307,0.7416273440070815,212.10528466666665,1.5856719039499805,11.821226000000001,0.010172318958821524
599,108.021031,0.5199860161744708,211.4734,0.9566191173779551,11.828603333333334,0.029013367304284617
600,107.84332733333333,0.357819703678168,211.768242,1.614278734790551,11.848152666666666,0.044891945205496914
601,107.89072599999999,1.4066583344142247,211.532568,3.0433311125168374,11.938277666666666,0.13441800750767485
602,107.95864,0.9064071743554333,212.21547333333334,0.9589142587245923,11.866366666666666,0.03474685140172165
603,107.71898599999999,0.6624558716450479,214.21636833333332,4.786764332068201,11.795405,0.04200605221869832
604,107.917333,1.0660547240676708,211.481624,1.1088253315125884,11.847349666666666,0.018921359922937624
605,107.63102499999998,0.2656337883722619,215.22569833333333,6.113279472939321,11.780928333333334,0.030092723660933945
606,107.56966066666666,0.3524759262720409,210.94857733333333,0.36967778650108235,11.829132666666666,0.04916449651255759
607,108.30617333333333,0.4958683393627122,212.46223,1.4088116812700675,11.845376,0.023740752578635747
608,107.63016766666665,0.8413915674032669,211.67362566666668,1.5927236841138908,11.844329333333334,0.015569010383879329
609,107.984157,1.0600995004663472,211.49319599999998,0.22033694015303823,11.870930333333334,0.031921221723696144
610,107.97497666666668,0.6925178629640769,211.82588166666665,0.9175093822029042,11.851833,0.012701019959042837
611,107.54536266666668,0.3749479549141912,213.445754,4.861962665880512,11.827340000000001,0.039533443171572674
612,108.01930699999998,0.7812870337180801,212.223829,0.23154561165999443,11.820522666666667,0.04551833327719028
613,107.53602933333332,0.8564352162547558,214.361682,7.731445634160016,11.851596333333333,0.02127226648322483
614,107.32425866666667,0.8769011485340494,210.73267299999998,0.9036881520950711,11.852733333333333,0.014620564022408043
615,108.13648266666667,0.7986892267736796,211.96338433333332,1.1883730842316966,11.862107,0.0081079820547406
616,107.66140133333333,0.7733590437140617,211.711013,1.1754642549822636,11.802938666666668,0.02979869395348296
617,107.95013999999999,0.7528632394771362,210.84110166666665,0.1317890758914916,11.834602666666667,0.053027633610537424
618,107.80947733333333,0.546442624031407,211.23684200000002,0.3028190739980021,11.844269666666667,0.06532296343808473
619,107.72958933333332,0.13346694687574928,213.50553133333332,4.874220625329795,11.869119666666668,0.07722411219517701
620,108.13180633333333,0.47079143722176087,212.691054,0.7199868543806784,11.816852666666668,0.033216939900197404
621,107.27525833333334,0.7212564895835162,210.154319,1.396592085108251,11.848143,0.011337938436946911
622,108.02873433333333,0.34114408981591515,211.84920599999998,0.7461363049208923,11.850543,0.0330405936387347
623,107.688962,0.8813368421642204,213.81976999999998,3.728040418576904,11.764467999999999,0.04299166438973906
624,107.65392066666668,0.41869941725578497,210.53825966666668,0.2750382147199472,11.841616666666667,0.047968651266565174
625,108.17240066666666,0.6663847943953507,211.72158366666667,2.4598460320341933,11.817889333333333,0.013326992809082228
626,107.527442,1.0076124326093796,210.54780633333334,0.853639998811174,11.849093000000002,0.035915618287869634
627,108.12424266666666,0.5554317506231838,213.73435833333335,3.7739610644123314,11.856616,0.019644024053131395
628,107.591797,1.2431059740154924,212.66637066666667,1.3486779391768628,11.830685666666668,0.06163142836518824
629,107.27944133333334,0.9967624185342938,214.19473933333333,4.89544929492424,11.859532999999999,0.023681849336569732
630,107.574047,1.0084581802677821,212.003822,0.6142052173475845,11.854069333333333,0.011128222424688578
631,107.749073,0.21290898008069198,211.183014,0.28619059307391576,11.909857666666667,0.1036274602667335
632,107.79710733333333,0.21635525078983986,214.4051036666667,6.865987032208566,11.933124,0.09485097449683877
633,107.87536166666666,0.6753920857282361,212.63902933333335,1.442620318187122,11.800452,0.05599744000398543
634,107.71849933333334,0.8357249119371395,211.46362833333333,1.3428729514296434,11.843326666666664,0.041090291339115174
635,107.76288933333335,0.4703966893105606,211.51006299999997,1.1943676619416508,11.835496333333333,0.026037206480982827
636,107.90258899999999,0.5506385816658738,211.28773266666667,0.808048892174434,11.807998666666668,0.04147172760246861
637,107.79683666666666,0.6901675824974242,214.61043633333335,5.593282828812824,11.863052666666666,0.010106848387768715
638,107.73253633333333,1.1252857009352475,211.270302,1.0125574047168855,11.849003333333334,0.04085281436245672
639,108.10370566666667,0.5646265229993476,211.75824699999998,0.8997639006472794,11.854802666666666,0.014410955705064904
640,107.701609,0.24574217169830342,213.779983,5.8007529061106355,11.832839333333334,0.05801466363199276
641,108.13423366666666,0.619876282303441,213.05512,0.551363138281837,11.850899666666665,0.021826630530920668
642,106.97585933333333,0.12178977995437046,210.433414,0.4995080388252121,11.832449333333335,0.032846299888013644
643,108.37484066666667,0.5132060460325161,212.25019233333333,0.6936392294336583,11.823789333333332,0.02470303633833997
644,107.598394,0.8325579490395806,211.20621733333334,0.33903375625789417,11.861163666666668,0.019806540948215896
645,108.08368233333334,0.6950440670262077,217.93473500000002,5.981137532347583,11.851033333333334,0.03303920992295837
646,108.38335066666666,0.9166238595941759,211.61640466666668,0.8263266701307148,11.826355999999999,0.04503241636865608
647,108.18506366666666,0.4219731138880002,212.2895903333333,0.6695942412120406,11.831513333333334,0.025754390738926908
648,107.30796533333334,0.4466792644665002,211.04298466666668,0.300867275858207,11.803749000000002,0.011505452576930196
649,108.74389000000001,0.3404965892442997,212.514921,1.2104135878091442,11.843056333333331,0.027650200023387236
650,107.59384,0.3772891310772138,211.374221,0.4807986386794428,11.952051333333335,0.1720367183171469
651,108.00108733333333,0.6997907262756037,210.634011,0.4344743140520515,11.834652333333333,0.03972372732175778
652,108.31176966666668,0.40014766202657454,212.12125733333335,1.133722736999811,11.826515666666667,0.013599060420975556
653,107.29050133333334,0.2774651115822186,210.851945,0.5863074165000831,11.824032333333333,0.02621414717921154
654,108.28691533333334,0.3309675154125169,212.68799966666666,1.7441222384022708,11.84601,0.028011047945409272
655,107.85027833333334,0.852493391694227,211.44278799999998,0.7511734271504783,11.798515333333334,0.05335258803782017
656,107.85322166666667,0.6602459024805382,211.15518033333333,0.43106368618840224,11.859816,0.007437714232208788
657,108.24550199999999,0.9916452179923043,212.615592,1.3294863109182384,11.846196,0.008987821259904894
658,107.72975266666667,0.1336868031981182,210.87163499999997,0.8588032584538868,11.834703,0.02396661680337893
659,107.91784266666667,0.23560046936781284,211.236102,0.7742684094078771,11.847896333333333,0.006695401506507472
660,108.08124500000001,0.7629678845030139,212.29055666666667,1.6593888490695403,11.864656666666667,0.011818678112772393
661,107.59290033333333,0.6461215577941453,211.95628433333331,0.7836525419682743,11.855256333333335,0.008445410666944292
662,107.73388933333335,1.1318183181864168,211.47599966666667,0.8450155153613144,12.042373333333332,0.20103585730494283
663,107.96920333333333,0.5364805690818024,211.60432466666666,0.17742632249566123,11.789495333333333,0.06082087367288769
664,107.51667166666665,0.05511072186365195,210.864095,0.483700590596085,11.841262666666665,0.029467699559574404
665,108.258645,0.526005906091365,212.64428966666665,2.0235085482204735,11.846822666666666,0.03281908338654961
666,107.77109666666668,0.5278788826201881,211.71330033333334,0.7095256729254683,11.824645666666667,0.026662143806027782
667,107.53971899999999,0.9866313095234684,211.102726,0.37465830301624026,11.823178666666665,0.05673809260394029
668,108.41273833333332,0.7186347264336268,212.93150066666666,0.7798379446105144,11.846703,0.06348622512797551
669,107.62815433333333,0.2375520340606102,215.42348466666667,7.152673385142535,11.865813000000001,0.011120069604099435
670,107.44294466666668,0.6040458631928014,210.6496513333333,0.27523035047089733,11.847996333333334,0.034273890957014386
671,108.07904966666666,0.8502105123275865,212.15209733333336,1.082843549370968,11.813202666666667,0.024271541634872273
672,107.54856266666667,0.20976171270356675,211.16799666666668,0.7100588916141587,11.87092,0.023898665213772746
673,108.02082766666668,0.39250156127374897,211.15519333333336,0.513608549680909,11.744064333333332,0.022051161450893194
674,107.932923,0.9082221892130824,211.820645,1.2152514207895493,11.83032,0.059966504383697654
675,107.32213200000001,0.8252242615943888,211.30965,1.2400931536380706,11.857756333333333,0.019714803608794816
676,108.17129366666666,0.7185991369827354,212.17153799999997,1.4483600412922173,11.812272666666667,0.05787545706370999
677,108.00271066666666,0.2671100656926535,214.28995466666666,5.001242194578698,11.837635999999998,0.019840930446932078
678,107.788867,0.32930675533155845,211.46795266666666,1.1272568842590078,11.843105666666666,0.006324721364086615
679,107.73205933333334,0.6846288874597203,211.27299900000003,1.6074631960835168,11.797505666666666,0.012954494676880417
680,107.821107,0.4175365003589467,212.32334766666665,0.9777673025399941,11.844576333333334,0.058553400843446554
681,107.72002266666668,0.9601378870143208,211.25291566666667,0.36175990240120304,11.974621999999998,0.3230263637181953
682,108.10111266666667,0.07308611031059827,216.05563266666664,7.130049321680352,11.912234,0.16909556176020638
683,107.167106,0.3169178532743124,211.0580053333333,0.244074885068775,11.826362333333334,0.045546595935737295
684,108.41105799999998,0.6527751602650024,212.24828266666668,1.3864745099742604,11.870557,0.011789097972279094
685,107.82790466666667,0.5325452086061206,211.645619,0.7798484538190793,11.824719,0.04895883017393309
686,107.59180366666668,0.3075096175038033,210.511602,0.18600868259035938,11.826686,0.051372574229835724
687,108.25628533333332,0.336720314294119,212.43388566666667,0.6161218800256454,11.851786666666667,0.04969257512278198
688,106.99911266666668,0.3625404645971672,210.77566333333334,0.23758200463067758,11.840112666666668,0.029963774033544915
689,108.43334466666666,0.27198082305988414,212.30406733333334,1.2260200474336949,11.828353,0.048600988168965714
690,107.73623233333332,0.4495166658115525,211.01695099999998,0.8726910006279377,11.866129666666668,0.02998593894366727
691,107.865865,0.4411583070463444,210.80226100000002,0.1539693841287813,11.845066333333333,0.05605526655304813
692,108.225281,0.7746626560742367,212.07429266666668,0.8649785754192656,11.939124666666666,0.10781241409658378
693,107.77856999999999,0.5485270002187738,210.89452966666667,0.8165397626413109,11.814202333333332,0.037783242070173445
694,108.14596333333333,0.6475790268270981,211.83378833333333,0.9733863071701456,11.860423000000003,0.0385092348794423
695,107.889326,1.071771038609926,211.85861266666666,1.423652358639676,11.847382666666668,0.03967201176312222
696,107.74028333333332,0.20640070241240607,211.57037066666666,1.0361917794068465,11.829302333333333,0.040942318270138854
697,107.81746066666666,1.0599992887046328,211.875573,1.2552274751848653,11.815432000000001,0.03913000647840489
698,108.08967266666667,0.4217241393071199,211.252485,0.5453014525351985,11.849502999999999,0.026212793574893364
699,107.66483433333333,0.5068932827571658,211.16756,0.29242042014366826,11.791565666666665,0.048854050296095
700,108.20679066666666,0.9743440529527188,211.49638333333334,1.1952307382352192,11.823572333333333,0.03964268053920316
701,108.08583233333333,0.4184866876524612,211.29829566666663,0.4687209033788927,11.83959,0.0468572289940408
702,107.89609533333334,0.5260144902132736,213.56943633333333,4.923772478884185,11.853769666666665,0.03632633123965722
703,108.43062466666667,0.3870615742647872,213.11559733333334,0.2467229512354631,11.843499666666666,0.055687543690966484
704,107.281748,0.3419367990038549,210.97879033333334,0.29892658301385056,11.881530333333336,0.01746214632665005
705,108.120346,0.23381217712300545,211.15775366666665,0.22292866572366984,11.820469000000001,0.012827079129715889
706,107.90869566666667,0.5373446082099747,211.9096063333333,0.30602725967686,11.851436333333334,0.02562697766677376
707,107.281198,0.24479250811044254,211.09831566666665,0.3981666656518716,11.847259333333334,0.027502430553195248
708,108.67838566666667,0.6012327187739618,213.19142566666667,0.4231210982476922,11.850762666666666,0.008873741845091909
709,107.82307133333335,0.6584334979034194,211.27050266666666,0.5556037654717038,11.828712333333334,0.06344393513436385
710,107.88489566666665,0.4939622295037678,211.21614766666667,0.7010110824133515,11.817008666666666,0.04854363760919959
711,108.10825266666666,0.548957318720073,213.16916233333333,1.2060059569124588,11.891214,0.03010991565913129
712,107.72400633333332,0.4663771813728994,211.12626633333335,0.8415222349019201,11.846006333333333,0.05450101680091218
713,108.09379200000001,0.13754855260961502,211.62338833333334,1.120384687436574,11.840756333333333,0.017931660306099134
714,107.68403233333333,1.1136293101249302,212.2763666666667,1.0638652797287556,11.842376333333334,0.01720679238944164
715,107.79124666666667,0.593686059673234,211.29389600000002,0.5615995362987731,11.818856000000002,0.027786806095699623
716,108.101542,0.4780830570978269,211.7762743333333,1.1330265361364447,11.847409666666666,0.046655474216144834
717,107.71853566666665,0.6097507604196379,211.30696366666666,0.8674552622414169,11.837276666666666,0.04330946873760231
718,107.699425,0.4154182885803208,211.36080066666668,0.5743163180036981,11.818695666666665,0.04897064735464854
719,107.91439566666666,0.7075197697325005,211.75967766666668,1.1102656134355207,11.864996666666668,0.027347750590008622
720,107.77285333333333,0.49151353053841246,211.87553566666665,0.9976370372336487,11.828396,0.045471622623345816
721,108.01933100000001,0.716595784157992,211.34995066666667,1.572376093135909,11.861393333333334,0.02260715732535444
722,108.349537,0.5237937019208958,212.12537366666666,1.2371246468615562,11.816542333333333,0.06909768918229722
723,107.535256,0.5414320144200909,210.97384033333333,0.2496914487729369,11.954265,0.08751426459155123
724,108.247839,0.5849714533214403,211.42155833333334,1.2464485170681323,11.847639666666668,0.06109780933334141
725,107.58688666666667,0.7814775659635653,211.60178799999997,0.7388289305191104,11.864882999999999,0.012082063896537026
726,107.51558533333332,1.0529684062280005,211.19667733333333,0.9697458978208306,11.797849,0.013122037494230864
727,108.16018966666667,0.3937430404468506,212.62667233333332,0.9515398955305716,11.786752333333332,0.05084665664852854
728,107.47323200000001,0.4867560128534683,210.82978766666668,0.669135871595838,11.842839666666668,0.03340613748001049
729,108.277692,0.29300806448116506,211.69761966666667,1.4779380711739443,11.848952666666667,0.02313141816519977
730,107.67524133333335,0.8049702936788021,211.84685933333333,1.013687787929461,11.834509666666667,0.04561100023386176
731,107.63146433333333,0.7456277348143221,210.124476,1.4224186832420394,11.817332666666667,0.05086863143758886
732,108.00800766666667,0.7978236242706396,214.733352,4.43003338138168,11.855963333333333,0.004397557541787798
733,107.499012,0.8403835104956536,211.036535,0.22457518180110725,11.849239666666668,0.020203672446694625
734,107.76040699999999,0.6586307054207201,212.6576693333333,2.735567920357554,11.850909666666666,0.02954871304022143
735,108.20098066666667,0.7909828285748879,212.3724983333333,1.1810668062503242,11.819679,0.06527051208623955
736,107.15169266666668,0.5208753191122939,210.68032533333334,0.7912376732350018,11.826692333333334,0.027707302653512587
737,108.00875733333332,0.2588546901918755,211.69936966666668,1.2286984250475521,11.799638666666667,0.05615063438941157
738,107.76165966666667,0.5000895926704837,214.0527536666667,5.309016268924623,11.868262999999999,0.005491516001979889
739,107.79204666666665,0.576675933964939,211.81505833333333,1.2397917946414843,11.846209666666667,0.04942643726117956
740,107.45441100000001,1.1425568013481822,214.734299,5.408169967484109,11.831543000000002,0.035032883523912886
741,107.298785,0.7308620288884857,211.48195933333332,0.5254216497769467,11.845260000000001,0.04525608886105873
742,107.87533466666667,0.5282401415287654,209.63015366666664,2.1577257077613816,11.843419333333335,0.03343771873697896
743,107.78714033333331,1.1327111016310936,211.9559976666667,1.1148431649274015,11.880977000000001,0.03558609172134475
744,107.83621766666666,0.48657202333912714,213.59097266666666,4.8834744229902896,11.837195999999999,0.05395783239715968
745,108.54394666666667,0.37308827640966125,214.61418666666668,5.261837474802922,11.828979333333335,0.05581542693855663
746,107.52037299999999,0.6499518049832594,214.16566633333332,4.343996585227055,11.838889666666667,0.029095368056331252
747,107.76403966666668,0.373906377006772,211.09992933333334,0.8758317119072275,11.823099,0.05000826272727332
748,107.83681466666667,0.9010109204201304,211.28047300000003,1.3102841295215273,11.822009,0.046762687144773676
749,107.57698333333333,0.5619009025124762,212.33036033333335,1.3493008956305232,11.845386,0.04241873492927375
750,107.19608266666667,1.0923673497969137,211.24167233333333,1.1815017293598629,11.836796666666666,0.054655306076659076
751,108.19545766666666,0.44698968404241124,215.27392566666666,6.1034351197306345,11.847876333333334,0.019122445485170624
752,107.48063833333333,0.4723756116210189,210.58800033333333,0.16031670997538672,11.84758,0.02974097945596273
753,108.52781966666667,0.3150451847439207,213.09442066666665,0.04056964724190366,11.893080333333332,0.07405306295713406
754,107.44646399999999,0.09238047482558591,211.14052,0.2502267465799843,11.854893333333335,0.07817209850920755
755,108.11318266666667,0.55724276983406,210.9799703333333,0.4943711237444261,11.795405,0.030149341302921077
756,108.10682866666667,0.3109023457041363,211.75301066666665,0.3073134898460112,11.809118666666668,0.06096132339716208
757,107.47628166666668,0.1341217650358511,210.83977833333333,0.5246836391639551,11.797711999999999,0.04210710615798715
758,108.51113633333334,0.4067075810165537,212.92369799999997,0.3333844075403055,11.835982999999999,0.02198878959833909
759,107.53928266666667,0.7737006010662848,211.29262300000002,0.7257527901510239,11.859996333333333,0.025829743985052705
760,108.056375,0.35065737927641133,211.185014,0.41615123617862454,11.836933,0.04181660484783524
761,107.80732033333334,0.810788452609144,212.04679866666666,0.7862335239903844,11.755001,0.008306184924500538
762,107.59662666666667,0.2281332915848372,210.81777766666664,0.43644797589670914,11.828106,0.0576460190386117
763,108.32676666666667,0.12326410630971987,212.88888666666665,1.9022668129369535,11.842753,0.06679233149845822
764,107.53623933333334,1.127197300982541,215.138199,5.444155306524977,11.863820333333335,0.016220107716452884
765,107.282578,0.7126341878383293,211.07144533333334,0.40896362997500424,11.863526666666667,0.017573877214016716
766,108.30257200000001,0.450299163677878,211.846909,0.5711656140043766,11.841606333333333,0.01743305321317256
767,107.67753499999999,0.7106108106812038,215.25640833333333,6.376160176779623,11.819491999999999,0.04520517356453866
768,107.37997,0.5898161531977626,211.02832433333333,0.43608429111621927,11.828992333333334,0.028789226497656258
769,108.42541133333334,0.32583555815830734,212.84093933333335,0.9658221272265155,11.811748666666666,0.04274445524665579
770,107.45808466666666,0.7653786937290183,211.25033899999997,0.1821067073256761,11.789705,0.011135432681310379
771,107.94008266666667,0.38532290298051797,211.03623466666667,1.0063770980325035,11.863783,0.016747884284290988
772,108.20977800000001,0.6117960326383315,212.2364093333333,1.0607055314951186,11.824849,0.054016079892935644
773,107.15867666666668,0.607764860468533,210.76030666666668,0.37298716328760917,11.915027666666667,0.10404109426728116
774,108.44338166666667,0.25278916866103,212.35654766666667,0.3463554020198442,11.864472666666666,0.017503018720590253
775,107.72485633333332,0.6365822596376178,211.41452133333334,0.6396282272666995,11.840919,0.019283922292935456
776,107.97553333333333,0.5761658905092693,211.36817333333332,1.3525853142616675,11.856586333333334,0.012015212080247676
777,108.08996866666666,0.8048748832373445,212.44515266666667,1.5212637413257064,11.836646000000002,0.039422688048888474
778,107.706299,0.729208964686396,210.989654,0.6438408122952421,11.84673,0.049711085453849474
779,107.96531666666665,0.5662223386394593,211.06222200000002,0.3270068103985086,11.806446333333334,0.01571062701910176
780,108.05307466666666,0.6549976857068485,216.35711066666667,6.905225795856234,11.860109999999999,0.0117978578140272
781,107.094418,0.5355440713405392,210.78664433333333,0.5475056221595679,11.811575666666668,0.052019864872309765
782,108.35881633333334,0.3066113962678716,212.69485033333333,0.7810483562714542,11.85178,0.0723842229218498
783,107.30622533333333,0.8093919598638997,214.37366999999998,6.130534331146918,11.849469666666666,0.023568753304605138
784,107.49431533333335,0.8086389306769313,210.89603233333332,0.253891637675091,12.057226666666665,0.21485336261118534
785,108.31448966666666,0.6906995869380057,212.03569533333334,0.8525531053725295,11.833572333333334,0.05269003474408967
786,107.85856866666666,0.48475087481131973,211.30629666666667,0.7199596783906186,11.840529333333334,0.07207467401475558
787,107.839398,0.45962964303012177,211.32755,1.4190925124243976,11.843522333333334,0.034585340714431416
788,107.87470866666666,0.7891408085610191,212.43601866666668,0.727721459925663,11.843216333333332,0.006860000097182261
789,107.299688,0.9904986103851937,211.04022466666666,0.30300161147151244,11.874487,0.03019420790482868
790,108.182997,0.4530259400067514,211.87785900000003,0.2763858705234315,11.829243,0.04562524815274949
791,107.85757133333334,0.4134478212838141,214.098655,5.534805446742539,11.824669,0.04047725288356489
792,107.82273733333334,0.2607127563206951,211.98952799999998,1.4189852200438886,11.826326,0.048969303660558794
793,107.51228533333334,1.2482398505753405,211.455662,1.5684455462973477,11.839819333333333,0.022010387691572472
794,108.19380766666666,0.6984978145651803,211.63427533333333,1.3775095486479807,11.829738999999998,0.02490193263584129
795,107.86435866666666,0.9997641469168252,211.57731433333333,0.35897451113740636,11.968098,0.19950577696898894
796,107.98819733333333,0.35087599251350365,220.53742699999998,8.489262796414836,11.858193333333332,0.020943538438700858
797,107.47959500000002,0.08472389398510857,211.58130433333335,1.3298894863725905,11.845143,0.033621833367619376
798,107.83749499999999,1.1493625421680498,212.15783066666668,1.8664211956094847,11.848323,0.03270062794504083
799,107.64649100000001,0.699249001410082,211.99952133333332,1.1884962266066887,11.810458666666667,0.03554538115329948
800,107.95516300000001,0.6803419659869582,211.21404466666664,0.4170464615727243,11.831032666666667,0.0638137053017087
801,108.30769633333334,0.10988932767713687,211.90446633333332,0.36926144449742393,11.854423666666667,0.026298617156294345
802,106.70068399999998,0.7506843631294043,210.805831,0.13072605540977564,11.825779333333331,0.04356326683495334
803,108.37526033333334,0.4612287298611547,212.17596166666667,1.3961235164240797,11.839099666666668,0.013155321407451086
804,107.93064966666668,0.38818659010368745,211.23048133333336,0.4246397716657547,11.990989333333333,0.27615683682345027
805,107.75244966666666,0.2996935546259491,210.58774699999995,0.2715522527470532,11.840092999999998,0.022357799735215764
806,108.29877233333333,0.35719841005571473,213.06151,0.5387110821321546,11.846306,0.04168443703590143
807,107.023734,0.2689889071746296,211.25993866666667,0.06926084286473118,11.849273000000002,0.031246961116243026
808,108.575644,0.24538332913423053,211.65372566666667,1.1300644342922732,11.840796,0.03559830306348817
809,107.89368866666666,0.46420992454851445,211.57177766666666,0.31316728031090557,11.817405666666668,0.033780705770207406
810,107.601607,0.3208537564498832,210.496299,0.22721686158601032,11.830379,0.03518005299882305
811,108.22719166666667,0.21535671414268728,213.22383933333333,0.9601956710224947,11.808025333333333,0.0317204379120676
812,107.58300633333333,0.6383027761496357,215.04787366666667,6.662646068160486,11.842173,0.04532386326208339
813,107.61727033333334,0.9583401522133674,210.960007,0.35202629085197473,11.839345666666667,0.052264393857896614
814,108.28457933333334,0.6345860977112,212.44585266666664,1.1402831466830259,11.958231666666668,0.19468975373484196
815,107.578246,0.10392841354990057,211.22287133333336,0.6356470637754458,11.838602666666667,0.02801771201103577
816,108.01858066666667,0.4372206896091859,213.712168,4.8375783833733355,11.850976333333334,0.02476085669627243
817,108.28216200000001,0.1342124938893582,212.65785300000002,0.9736027013484615,11.845702666666666,0.020539725274046974
818,107.211973,0.3426357207997993,210.63715466666667,0.15720660918146312,11.849526,0.05066143741545466
819,108.58185399999998,0.08812775766465432,212.26523666666665,1.6259029350617196,11.838069333333332,0.06522943361959682
820,107.98904366666666,0.3471981380398382,211.72573699999998,0.3629635075885766,11.841819333333333,0.019298048018733527
821,107.49752566666666,0.32293842454922456,210.7080056666667,0.16990025822622387,11.807111666666666,0.037787604109460575
822,108.424918,0.48254598994603887,213.1814853333333,0.16982648958961757,11.828013,0.030093396734167846
823,107.11325533333333,0.1295000102561089,211.17375700000002,0.11648948962459618,11.814606,0.034253378709260325
824,108.38655766666666,0.3067881709784972,211.44094133333337,0.1054399828780958,11.830109333333333,0.03936249669842283
825,107.97175,0.34612191351747607,211.9468773333333,0.5782334682308896,11.844686666666668,0.013218057434182593
826,107.40582333333333,0.2755673704456516,210.717259,0.29388410050731695,11.831949333333334,0.03170221880773191
827,108.54741299999999,0.45822718511781946,213.22512966666667,0.37510364662360945,11.860890333333332,0.031106771518969033
828,107.82109700000001,0.919084859376983,211.55754066666668,0.3303163635370491,11.850673333333333,0.028088480740925507
829,107.85709833333334,0.23724976830617422,210.967484,0.19188645838880977,11.8508,0.02301448628581622
830,107.837538,0.7319569814210394,212.64655633333334,1.040804760823242,11.853386666666665,0.022314242768539775
831,107.87944499999999,0.618812745708268,210.98766733333332,0.8073639192534701,11.853443333333333,0.02243492639464936
832,108.134223,0.43472335031488524,212.85227633333332,1.742378850045631,11.851402666666665,0.05320944055647798
833,107.633661,0.8234718780013024,212.128567,0.7116770782798838,11.853906666666667,0.007274297927177519
834,107.60662733333334,0.43086832244820766,211.01128433333335,0.26789721192714194,11.861683,0.002364497409598944
835,107.97238333333333,0.4231864406621884,211.54322333333334,0.46186883920689314,11.850009333333333,0.05303328970876035
836,107.85403799999999,0.9069831733262737,215.39100733333336,6.735959740371107,11.851349666666666,0.027662965158011046
837,107.41501333333333,1.0781018462289733,211.48170233333335,1.817967517046536,11.862326333333334,0.025270040647639467
838,107.945583,0.8861573886460598,211.9308573333333,0.8016619168604286,11.858723333333332,0.019727174717462843
839,108.14143,0.32298323366391485,211.36433699999998,0.0383010711207869,11.821272666666665,0.05879517262780467
840,107.68366466666667,0.1468736877876087,211.03032466666664,0.8453678352660049,11.838096333333334,0.02803999931050862
841,108.15616666666666,0.6207190058475187,212.40448166666667,1.6279594855598682,11.845993,0.0059436325593026605
842,107.47118466666666,0.908051007676519,211.930867,1.2973603613957791,11.829589666666669,0.039186729696840845
843,107.84241766666666,1.223824383449003,211.4739156666667,0.5444777424691765,11.803658666666669,0.023674422576555804
844,108.36544666666667,0.4293105696361669,211.55755366666665,0.49935652299968947,11.963621999999999,0.2312292910424633
845,107.63539433333334,0.18235119595531543,211.04004466666666,0.8822296978136284,11.880643666666666,0.0849428619975411
846,108.03822466666666,0.5272558424487367,211.69709333333333,0.9234733126811735,11.853242999999999,0.0011535978502057935
847,108.04906833333332,0.8544588385067698,212.13375733333336,1.2112786489661715,11.822879333333333,0.06469122377365706
848,107.65930833333334,0.659756748456839,211.85912599999997,1.0211660200589368,11.833766000000002,0.030745762699923095
849,108.08791933333333,0.4456180981842305,211.70676,1.6253916920007283,11.824325666666667,0.05464247983330639
850,107.99988733333333,0.04548113730255276,211.39341466666667,0.4275290426466095,11.878103333333334,0.0137095803120789
