run_num,model,batch_size,timestamp_ns,time_since_start_s,step,state,process_cpu_percent,process_memory_rss_bytes,gpu_util_pct,gpu_mem_used_mb
2,DistilBert,16,11427031748584278,0.501144338,3,forward,99.5,1381339136,86,7361.25
2,DistilBert,16,11427032250204784,1.002764844,6,forward,101.8,1381531648,99,7361.25
2,DistilBert,16,11427032751374083,1.503934143,9,forward,99.7,1382072320,99,7361.25
2,DistilBert,16,11427033252884327,2.005444387,12,forward,99.7,1382080512,99,7361.25
2,DistilBert,16,11427033754499253,2.507059313,15,forward,99.7,1382227968,99,7361.25
2,DistilBert,16,11427034255951957,3.008512017,18,forward,101.7,1382227968,98,7361.25
2,DistilBert,16,11427034757593533,3.510153593,20,optimizer,99.7,1382236160,99,7361.25
2,DistilBert,16,11427035259172229,4.011732289,23,optimizer,99.8,1382244352,98,7361.25
2,DistilBert,16,11427035760334987,4.512895047,26,backward,101.7,1382244352,99,7361.25
2,DistilBert,16,11427036262041885,5.014601945,29,backward,99.7,1382248448,98,7361.25
2,DistilBert,16,11427036763088272,5.515648332,32,backward,99.8,1382248448,99,7361.25
2,DistilBert,16,11427037264153088,6.016713148,35,backward,99.8,1382248448,98,7361.25
2,DistilBert,16,11427037765199624,6.517759684,38,backward,99.8,1382326272,99,7361.25
2,DistilBert,16,11427038266295521,7.018855581,41,backward,101.8,1382330368,99,7361.25
2,DistilBert,16,11427038767395469,7.519955529,44,backward,101.8,1382400000,99,7361.25
2,DistilBert,16,11427039268535577,8.021095637,47,backward,99.8,1382400000,99,7361.25
2,DistilBert,16,11427039769562673,8.522122733,50,backward,99.7,1382408192,98,7361.25
2,DistilBert,16,11427040271206769,9.023766829,53,backward,99.7,1382408192,99,7361.25
2,DistilBert,16,11427040772658143,9.525218203,56,backward,99.7,1382420480,99,7361.25
2,DistilBert,16,11427041274078726,10.026638786,59,backward,99.7,1382420480,99,7361.25
2,DistilBert,16,11427041775532919,10.528092979,62,backward,101.7,1382420480,99,7361.25
2,DistilBert,16,11427042277054754,11.029614814,65,backward,99.8,1382420480,99,7361.25
2,DistilBert,16,11427042778097590,11.53065765,68,backward,101.8,1382424576,99,7361.25
2,DistilBert,16,11427043279187737,12.031747797,71,backward,99.8,1382424576,99,7361.25
2,DistilBert,16,11427043780280764,12.532840824,74,backward,99.8,1382432768,98,7361.25
2,DistilBert,16,11427044281488353,13.034048413,77,backward,99.8,1382436864,99,7361.25
2,DistilBert,16,11427044782531120,13.53509118,80,backward,99.8,1382436864,98,7361.25
2,DistilBert,16,11427045283690217,14.036250277,83,backward,101.8,1382436864,99,7361.25
2,DistilBert,16,11427045784769204,14.537329264,86,backward,99.8,1382453248,98,7361.25
2,DistilBert,16,11427046285916182,15.038476242,89,backward,99.8,1382453248,99,7361.25
2,DistilBert,16,11427046786944828,15.539504888,92,backward,101.7,1382453248,99,7361.25
2,DistilBert,16,11427047288504014,16.041064074,95,backward,99.7,1382457344,99,7361.25
2,DistilBert,16,11427047790030188,16.542590248,98,backward,99.7,1382457344,99,7361.25
2,DistilBert,16,11427048291500892,17.044060952,101,backward,99.7,1382465536,99,7361.25
2,DistilBert,16,11427048793200350,17.54576041,104,forward,99.6,1382465536,99,7361.25
2,DistilBert,16,11427049294822976,18.047383036,107,forward,101.8,1382465536,98,7361.25
2,DistilBert,16,11427049795820552,18.548380612,110,forward,101.7,1382469632,99,7361.25
2,DistilBert,16,11427050297347627,19.049907687,113,forward,99.8,1382469632,98,7361.25
2,DistilBert,16,11427050798378392,19.550938452,116,forward,99.8,1382469632,99,7361.25
2,DistilBert,16,11427051299441499,20.052001559,119,forward,99.7,1382498304,98,7361.25
2,DistilBert,16,11427051800798221,20.553358281,122,forward,99.8,1382498304,99,7361.25
2,DistilBert,16,11427052301838337,21.054398397,125,forward,101.7,1382498304,98,7361.25
2,DistilBert,16,11427052803297561,21.555857621,128,forward,99.8,1382498304,99,7361.25
2,DistilBert,16,11427053304370167,22.056930227,131,forward,99.8,1382506496,98,7361.25
2,DistilBert,16,11427053805379623,22.557939683,134,forward,101.7,1382506496,99,7361.25
2,DistilBert,16,11427054306772025,23.059332085,137,forward,99.1,1382506496,98,7361.25
2,DistilBert,16,11427054811332733,23.563892793,140,forward,101.7,1382510592,98,7361.25
2,DistilBert,16,11427055312870748,24.065430808,143,forward,99.7,1382510592,98,7361.25
2,DistilBert,16,11427055814047256,24.566607316,145,step,101.7,1382510592,99,7361.25
2,DistilBert,16,11427056315635653,25.068195713,148,optimizer,99.7,1382526976,99,7361.25
2,DistilBert,16,11427056816820001,25.569380061,151,optimizer,99.8,1382526976,99,7361.25
2,DistilBert,16,11427057317911868,26.070471928,154,backward,99.8,1382526976,99,7361.25
2,DistilBert,16,11427057818961724,26.571521784,157,backward,99.8,1382526976,99,7361.25
2,DistilBert,16,11427058320029241,27.072589301,160,backward,101.8,1382526976,99,7361.25
2,DistilBert,16,11427058821058617,27.573618677,163,backward,99.8,1382531072,98,7361.25
2,DistilBert,16,11427059322139164,28.074699224,166,backward,99.8,1382531072,99,7361.25
2,DistilBert,16,11427059823142209,28.575702269,169,backward,99.7,1382531072,98,7361.25
2,DistilBert,16,11427060324688075,29.077248135,172,backward,99.7,1382543360,99,7361.25
2,DistilBert,16,11427060826045856,29.578605916,175,backward,99.7,1382543360,98,7361.25
2,DistilBert,16,11427061327478429,30.080038489,178,backward,103.7,1382543360,99,7361.25
2,DistilBert,16,11427061828814801,30.581374861,181,backward,99.7,1382551552,99,7361.25
2,DistilBert,16,11427062330233403,31.082793463,184,backward,99.8,1382551552,99,7361.25
2,DistilBert,16,11427062831274140,31.5838342,187,backward,99.8,1382555648,99,7361.25
2,DistilBert,16,11427063332481169,32.085041229,190,backward,99.8,1382555648,99,7361.25
2,DistilBert,16,11427063833494254,32.586054314,193,backward,99.8,1382555648,99,7361.25
2,DistilBert,16,11427064334534321,33.087094381,196,backward,99.8,1382555648,99,7361.25
2,DistilBert,16,11427064835577887,33.588137947,199,backward,101.8,1382555648,99,7361.25
2,DistilBert,16,11427065336642603,34.089202663,202,backward,99.8,1382580224,99,7361.25
2,DistilBert,16,11427065837766461,34.590326521,205,backward,101.8,1382580224,99,7361.25
2,DistilBert,16,11427066338848218,35.091408278,208,backward,99.8,1382580224,98,7361.25
2,DistilBert,16,11427066839928075,35.592488135,211,forward,99.8,1382580224,99,7361.25
2,DistilBert,16,11427067341032472,36.093592532,214,forward,101.7,1382580224,98,7361.25
2,DistilBert,16,11427067842382304,36.594942364,217,forward,97.7,1382588416,99,7361.25
2,DistilBert,16,11427068343906548,37.096466608,220,forward,101.7,1382588416,99,7361.25
2,DistilBert,16,11427068845285331,37.597845391,223,forward,99.7,1382588416,99,7361.25
2,DistilBert,16,11427069346893027,38.099453087,226,forward,99.7,1382588416,99,7361.25
2,DistilBert,16,11427069848425482,38.600985542,229,forward,101.8,1382588416,98,7361.25
2,DistilBert,16,11427070349470797,39.102030857,231,optimizer,99.8,1382588416,99,7361.25
2,DistilBert,16,11427070850564435,39.603124495,234,optimizer,99.8,1382604800,98,7361.25
2,DistilBert,16,11427071351757094,40.104317154,237,backward,101.8,1382604800,99,7361.25
2,DistilBert,16,11427071852792249,40.605352309,240,backward,99.8,1382604800,98,7361.25
2,DistilBert,16,11427072353836266,41.106396326,243,backward,99.8,1382604800,99,7361.25
2,DistilBert,16,11427072854939093,41.607499153,246,backward,99.8,1382604800,99,7361.25
2,DistilBert,16,11427073356086481,42.108646541,249,backward,101.8,1382604800,99,7361.25
2,DistilBert,16,11427073857413052,42.609973112,252,backward,99.8,1382617088,99,7361.25
2,DistilBert,16,11427074358450849,43.111010909,255,backward,99.7,1382617088,99,7361.25
2,DistilBert,16,11427074859936113,43.612496173,258,backward,99.7,1382617088,99,7361.25
2,DistilBert,16,11427075361413667,44.113973727,261,backward,99.7,1382621184,98,7361.25
2,DistilBert,16,11427075862835010,44.61539507,264,backward,101.7,1382621184,99,7361.25
2,DistilBert,16,11427076364353994,45.116914054,267,backward,101.7,1382629376,98,7361.25
2,DistilBert,16,11427076865930070,45.61849013,270,backward,99.8,1382629376,99,7361.25
2,DistilBert,16,11427077366951315,46.119511375,273,backward,99.8,1382629376,98,7361.25
2,DistilBert,16,11427077867999512,46.620559572,276,forward,99.8,1382629376,99,7361.25
2,DistilBert,16,11427078369044048,47.121604108,279,forward,99.8,1382629376,99,7361.25
2,DistilBert,16,11427078870107225,47.622667285,282,forward,99.8,1382629376,99,7361.25
2,DistilBert,16,11427079371290643,48.123850703,285,forward,101.8,1382629376,99,7361.25
2,DistilBert,16,11427079872392761,48.624952821,288,forward,99.8,1382645760,98,7361.25
2,DistilBert,16,11427080373567529,49.126127589,291,forward,99.8,1382649856,99,7361.25
2,DistilBert,16,11427080874598875,49.627158935,294,forward,99.8,1382649856,98,7361.25
2,DistilBert,16,11427081375649392,50.128209452,297,forward,101.8,1382649856,99,7361.25
2,DistilBert,16,11427081876674068,50.629234128,300,forward,99.7,1382653952,98,7361.25
2,DistilBert,16,11427082378073430,51.13063349,303,forward,101.7,1382653952,99,7361.25
2,DistilBert,16,11427082879483873,51.632043933,305,train,99.5,1382653952,99,7361.25
2,DistilBert,16,11427083381819941,52.134380001,308,optimizer,99.7,1382653952,99,7361.25
2,DistilBert,16,11427083883238995,52.635799055,311,optimizer,99.7,1382666240,99,7361.25
2,DistilBert,16,11427084384585886,53.137145946,314,backward,99.8,1382666240,99,7361.25
2,DistilBert,16,11427084885618612,53.638178672,317,backward,99.8,1382666240,99,7361.25
2,DistilBert,16,11427085386658368,54.139218428,320,backward,99.8,1382666240,99,7361.25
2,DistilBert,16,11427085887694754,54.640254814,323,backward,103.8,1382678528,99,7361.25
2,DistilBert,16,11427086388732230,55.14129229,326,backward,99.8,1382678528,99,7361.25
2,DistilBert,16,11427086889870448,55.642430508,329,backward,99.8,1382678528,99,7361.25
2,DistilBert,16,11427087390895324,56.143455384,332,backward,99.8,1382682624,98,7361.25
2,DistilBert,16,11427087892041522,56.644601582,335,backward,101.8,1382682624,99,7361.25
2,DistilBert,16,11427088393047838,57.145607898,338,backward,99.8,1382682624,98,7361.25
2,DistilBert,16,11427088894113784,57.646673844,341,backward,99.7,1382686720,99,7361.25
2,DistilBert,16,11427089395484687,58.148044747,344,backward,99.7,1382686720,98,7361.25
2,DistilBert,16,11427089896891369,58.649451429,347,backward,99.4,1382686720,99,7361.25
2,DistilBert,16,11427090400046412,59.152606472,350,backward,101.7,1382686720,99,7361.25
2,DistilBert,16,11427090901612178,59.654172238,353,backward,99.7,1382694912,98,7361.25
2,DistilBert,16,11427091403117252,60.155677312,356,backward,99.8,1382694912,99,7361.25
2,DistilBert,16,11427091904182349,60.656742409,359,backward,101.8,1382694912,99,7361.25
2,DistilBert,16,11427092405177734,61.157737794,362,backward,99.8,1382694912,99,7361.25
2,DistilBert,16,11427092906146719,61.658706779,365,backward,99.8,1382694912,99,7361.25
2,DistilBert,16,11427093407161925,62.159721985,368,backward,99.8,1382711296,99,7361.25
2,DistilBert,16,11427093908274692,62.660834752,371,forward,101.8,1382711296,99,7361.25
2,DistilBert,16,11427094409447431,63.162007491,374,forward,99.8,1382711296,99,7361.25
2,DistilBert,16,11427094910495647,63.663055707,377,forward,99.8,1382711296,98,7361.25
2,DistilBert,16,11427095411541143,64.164101203,380,forward,101.8,1382719488,99,7361.25
2,DistilBert,16,11427095912707031,64.665267091,383,forward,97.7,1382723584,98,7361.25
2,DistilBert,16,11427096414402199,65.166962259,386,forward,101.7,1382723584,99,7361.25
2,DistilBert,16,11427096915820862,65.668380922,389,forward,101.7,1382723584,99,7361.25
2,DistilBert,16,11427097417277926,66.169837986,392,forward,99.7,1382723584,99,7361.25
2,DistilBert,16,11427097918777350,66.67133741,395,forward,99.7,1382723584,99,7361.25
2,DistilBert,16,11427098420309765,67.172869825,397,optimizer,99.8,1382723584,99,7361.25
2,DistilBert,16,11427098921406332,67.673966392,400,optimizer,99.8,1382723584,99,7361.25
2,DistilBert,16,11427099422478258,68.175038318,403,backward,99.8,1382723584,98,7361.25
2,DistilBert,16,11427099923506035,68.676066095,406,backward,103.8,1382723584,99,7361.25
2,DistilBert,16,11427100424566461,69.177126521,409,backward,99.8,1382744064,98,7361.25
2,DistilBert,16,11427100925646448,69.678206508,412,backward,99.8,1382744064,99,7361.25
2,DistilBert,16,11427101426709635,70.179269695,415,backward,99.8,1382744064,98,7361.25
2,DistilBert,16,11427101927727170,70.68028723,418,backward,99.8,1382744064,99,7361.25
2,DistilBert,16,11427102428704145,71.181264205,421,backward,99.8,1382744064,99,7361.25
2,DistilBert,16,11427102929766512,71.682326572,424,backward,99.7,1382744064,99,7361.25
2,DistilBert,16,11427103431146934,72.183706994,427,backward,101.7,1382744064,99,7361.25
2,DistilBert,16,11427103932678709,72.685238769,430,backward,99.7,1382744064,99,7361.25
2,DistilBert,16,11427104434107842,73.186667902,433,backward,99.7,1382756352,99,7361.25
2,DistilBert,16,11427104935588836,73.688148896,436,backward,101.7,1382756352,99,7361.25
2,DistilBert,16,11427105436972068,74.189532128,439,backward,99.8,1382764544,99,7361.25
2,DistilBert,16,11427105938147536,74.690707596,442,backward,99.8,1382764544,98,7361.25
2,DistilBert,16,11427106439179142,75.191739202,445,backward,101.8,1382764544,99,7361.25
2,DistilBert,16,11427106940222639,75.692782699,448,backward,99.8,1382764544,98,7361.25
2,DistilBert,16,11427107441299115,76.193859175,451,forward,99.8,1382768640,99,7361.25
2,DistilBert,16,11427107942325201,76.694885261,454,forward,99.8,1382768640,99,7361.25
2,DistilBert,16,11427108443327777,77.195887837,457,forward,101.8,1382768640,99,7361.25
2,DistilBert,16,11427108944371523,77.696931583,460,forward,99.8,1382768640,99,7361.25
2,DistilBert,16,11427109445442990,78.19800305,463,forward,97.8,1382768640,99,7361.25
2,DistilBert,16,11427109946536267,78.699096327,466,forward,99.8,1382780928,99,7361.25
2,DistilBert,16,11427110447708615,79.200268675,469,forward,103.7,1382780928,98,7361.25
2,DistilBert,16,11427110949240760,79.70180082,472,forward,99.7,1382780928,99,7361.25
2,DistilBert,16,11427111450613782,80.203173842,474,optimizer,99.7,1382780928,98,7361.25
2,DistilBert,16,11427111952038225,80.704598285,477,optimizer,99.7,1382780928,99,7361.25
2,DistilBert,16,11427112453520529,81.206080589,480,backward,101.7,1382780928,98,7361.25
2,DistilBert,16,11427112955318318,81.707878378,483,backward,97.8,1382780928,99,7361.25
2,DistilBert,16,11427113456381675,82.208941735,486,backward,101.8,1382780928,99,7361.25
2,DistilBert,16,11427113957418101,82.709978161,489,backward,99.8,1382797312,99,7361.25
2,DistilBert,16,11427114458491278,83.211051338,492,backward,99.8,1382797312,99,7361.25
2,DistilBert,16,11427114959529534,83.712089594,495,backward,101.8,1382797312,99,7361.25
2,DistilBert,16,11427115460635411,84.213195471,498,backward,99.8,1382805504,99,7361.25
2,DistilBert,16,11427115961703518,84.714263578,501,backward,99.8,1382809600,99,7361.25
2,DistilBert,16,11427116462875297,85.215435357,504,backward,99.8,1382813696,99,7361.25
2,DistilBert,16,11427116963933543,85.716493603,507,backward,101.8,1382813696,98,7361.25
2,DistilBert,16,11427117464996610,86.21755667,510,backward,99.7,1382813696,99,7361.25
2,DistilBert,16,11427117966453953,86.719014013,513,backward,99.7,1382813696,98,7361.25
2,DistilBert,16,11427118467913906,87.220473966,516,backward,101.7,1382813696,99,7361.25
2,DistilBert,16,11427118969413031,87.721973091,519,backward,99.7,1382813696,98,7361.25
2,DistilBert,16,11427119470763492,88.223323552,522,backward,99.7,1382813696,99,7361.25
2,DistilBert,16,11427119972103194,88.724663254,525,backward,101.8,1382821888,99,7361.25
2,DistilBert,16,11427120473261602,89.225821662,528,forward,99.7,1382821888,99,7361.25
2,DistilBert,16,11427120974713316,89.727273376,531,forward,99.8,1382821888,99,7361.25
2,DistilBert,16,11427121475714531,90.228274591,534,forward,99.8,1382821888,98,7361.25
2,DistilBert,16,11427121976760137,90.729320197,537,forward,99.8,1382821888,99,7361.25
2,DistilBert,16,11427122477808233,91.230368293,540,forward,99.8,1382834176,98,7361.25
2,DistilBert,16,11427122978849920,91.73140998,543,forward,99.8,1382834176,99,7361.25
2,DistilBert,16,11427123479913747,92.232473807,546,forward,103.7,1382834176,99,7361.25
2,DistilBert,16,11427123981501432,92.734061492,549,forward,99.8,1382834176,99,7361.25
2,DistilBert,16,11427124482548079,93.235108139,551,optimizer,99.8,1382842368,99,7361.25
2,DistilBert,16,11427124983781198,93.736341258,554,optimizer,99.7,1382842368,99,7361.25
2,DistilBert,16,11427125485216121,94.237776181,557,backward,99.2,1382842368,99,7361.25
2,DistilBert,16,11427125989087887,94.741647947,560,backward,101.8,1382842368,99,7361.25
2,DistilBert,16,11427126490070372,95.242630432,563,backward,99.7,1382842368,99,7361.25
2,DistilBert,16,11427126991508726,95.744068786,566,backward,101.8,1382842368,98,7361.25
2,DistilBert,16,11427127492559871,96.245119931,569,backward,99.8,1382858752,99,7361.25
2,DistilBert,16,11427127993530167,96.746090227,572,backward,99.8,1382858752,98,7361.25
2,DistilBert,16,11427128494642024,97.247202084,575,backward,99.8,1382862848,99,7361.25
2,DistilBert,16,11427128995863563,97.748423623,578,backward,99.8,1382862848,98,7361.25
2,DistilBert,16,11427129496902379,98.249462439,581,backward,99.8,1382862848,99,7361.25
2,DistilBert,16,11427129997950916,98.750510976,584,backward,99.8,1382862848,99,7361.25
2,DistilBert,16,11427130498966941,99.251527001,587,backward,101.8,1382862848,99,7361.25
2,DistilBert,16,11427130999972297,99.752532357,590,backward,99.8,1382862848,99,7361.25
2,DistilBert,16,11427131501008873,100.253568933,593,backward,99.7,1382879232,99,7361.25
2,DistilBert,16,11427132002382375,100.754942435,596,backward,99.7,1382879232,99,7361.25
2,DistilBert,16,11427132503836819,101.256396879,599,backward,103.7,1382879232,99,7361.25
2,DistilBert,16,11427133005390304,101.757950364,602,forward,99.7,1382879232,99,7361.25
2,DistilBert,16,11427133506829117,102.259389177,605,forward,99.7,1382879232,98,7361.25
2,DistilBert,16,11427134008159968,102.760720028,608,forward,99.8,1382887424,99,7361.25
2,DistilBert,16,11427134509234545,103.261794605,611,forward,101.8,1382891520,98,7361.25
2,DistilBert,16,11427135010390793,103.762950853,614,forward,99.8,1382891520,99,7361.25
2,DistilBert,16,11427135511388968,104.263949028,617,forward,99.8,1382891520,99,7361.25
2,DistilBert,16,11427136012409344,104.764969404,620,forward,99.7,1382903808,99,7361.25
2,DistilBert,16,11427136513820887,105.266380947,622,optimizer,99.8,1382903808,99,7361.25
2,DistilBert,16,11427137014939115,105.767499175,625,optimizer,99.8,1382903808,98,7361.25
2,DistilBert,16,11427137516051652,106.268611712,628,backward,101.8,1382903808,99,7361.25
2,DistilBert,16,11427138017112429,106.769672489,631,backward,99.8,1382903808,98,7361.25
2,DistilBert,16,11427138518128965,107.270689025,634,backward,99.8,1382903808,99,7361.25
2,DistilBert,16,11427139019261472,107.771821532,637,backward,101.7,1382903808,98,7361.25
2,DistilBert,16,11427139520623664,108.273183724,640,backward,99.7,1382912000,99,7361.25
2,DistilBert,16,11427140022028987,108.774589047,643,backward,99.7,1382912000,99,7361.25
2,DistilBert,16,11427140523424519,109.275984579,646,backward,101.7,1382912000,99,7361.25
2,DistilBert,16,11427141024865192,109.777425252,649,backward,97.7,1382912000,99,7361.25
2,DistilBert,16,11427141526151883,110.278711943,652,backward,101.8,1382912000,99,7361.25
2,DistilBert,16,11427142027177619,110.779737679,655,backward,99.8,1382912000,99,7361.25
2,DistilBert,16,11427142528261375,111.280821435,658,backward,101.8,1382932480,98,7361.25
2,DistilBert,16,11427143029396693,111.781956753,661,backward,99.7,1382932480,99,7361.25
2,DistilBert,16,11427143531103981,112.283664041,664,backward,99.8,1382932480,98,7361.25
2,DistilBert,16,11427144032201738,112.784761798,667,backward,99.8,1382932480,99,7361.25
2,DistilBert,16,11427144533253275,113.285813335,670,backward,101.8,1382932480,98,7361.25
2,DistilBert,16,11427145034309831,113.786869891,673,forward,97.8,1382932480,99,7361.25
2,DistilBert,16,11427145535296756,114.287856816,676,forward,101.8,1382932480,99,7361.25
2,DistilBert,16,11427146036354383,114.788914443,679,forward,99.7,1382932480,99,7361.25
2,DistilBert,16,11427146537756976,115.290317036,682,forward,101.7,1382932480,99,7361.25
2,DistilBert,16,11427147039263270,115.79182333,685,forward,99.7,1382932480,98,7361.25
2,DistilBert,16,11427147540665053,116.293225113,688,forward,99.7,1382957056,99,7361.25
2,DistilBert,16,11427148041978633,116.794538693,691,forward,101.7,1382957056,98,7361.25
2,DistilBert,16,11427148543473018,117.296033078,693,optimizer,99.8,1382957056,99,7361.25
2,DistilBert,16,11427149044832339,117.797392399,696,optimizer,99.7,1382957056,98,7361.25
2,DistilBert,16,11427149546072669,118.298632729,699,backward,99.8,1382957056,99,7361.25
2,DistilBert,16,11427150047120956,118.799681016,702,backward,99.8,1382957056,99,7361.25
2,DistilBert,16,11427150548191172,119.300751232,705,backward,101.8,1382969344,99,7361.25
2,DistilBert,16,11427151049256869,119.801816929,708,backward,99.8,1382969344,99,7361.25
2,DistilBert,16,11427151550277054,120.302837114,711,backward,99.8,1382969344,99,7361.25
2,DistilBert,16,11427152051299160,120.80385922,714,backward,101.8,1382969344,99,7361.25
2,DistilBert,16,11427152552359417,121.304919477,717,backward,99.8,1382969344,99,7361.25
2,DistilBert,16,11427153053407723,121.805967783,720,backward,99.8,1382969344,99,7361.25
2,DistilBert,16,11427153554445709,122.307005769,723,backward,99.7,1382969344,98,7361.25
2,DistilBert,16,11427154055932883,122.808492943,726,backward,101.7,1382969344,99,7361.25
2,DistilBert,16,11427154557369727,123.309929787,729,backward,99.7,1382981632,98,7361.25
2,DistilBert,16,11427155058762909,123.811322969,732,backward,99.7,1382981632,99,7361.25
2,DistilBert,16,11427155560095200,124.31265526,735,backward,99.7,1382981632,99,7361.25
2,DistilBert,16,11427156061444321,124.814004381,738,backward,101.8,1382981632,99,7361.25
2,DistilBert,16,11427156562459067,125.315019127,741,backward,99.8,1382981632,99,7361.25
2,DistilBert,16,11427157063521904,125.816081964,744,forward,99.8,1382981632,98,7361.25
2,DistilBert,16,11427157564558370,126.31711843,747,forward,99.8,1382998016,99,7361.25
2,DistilBert,16,11427158065594306,126.818154366,750,forward,99.8,1382998016,98,7361.25
2,DistilBert,16,11427158566657153,127.319217213,753,forward,101.8,1383006208,99,7361.25
2,DistilBert,16,11427159067841131,127.820401191,756,forward,99.8,1383006208,98,7361.25
2,DistilBert,16,11427159568877177,128.321437237,759,forward,99.7,1383006208,99,7361.25
2,DistilBert,16,11427160070363801,128.822923861,762,forward,99.8,1383010304,99,7361.25
2,DistilBert,16,11427160571387957,129.323948017,765,forward,101.7,1383010304,99,7361.25
2,DistilBert,16,11427161072716389,129.825276449,767,optimizer,100.8,1383010304,98,7361.25
2,DistilBert,16,11427161578397156,130.330957216,770,optimizer,99.8,1383010304,99,7361.25
2,DistilBert,16,11427162079513153,130.832073213,773,backward,99.7,1383092224,99,7361.25
2,DistilBert,16,11427162580809504,131.333369564,776,backward,99.8,1383092224,99,7361.25
2,DistilBert,16,11427163081864991,131.834425051,779,backward,101.8,1383092224,99,7361.25
2,DistilBert,16,11427163582887477,132.335447537,782,backward,99.8,1383092224,98,7361.25
2,DistilBert,16,11427164083931543,132.836491603,785,backward,101.8,1383092224,99,7361.25
2,DistilBert,16,11427164584940639,133.337500699,788,backward,99.8,1383100416,98,7361.25
2,DistilBert,16,11427165086002395,133.838562455,791,backward,99.7,1383100416,99,7361.25
2,DistilBert,16,11427165587348517,134.339908577,794,backward,101.8,1383100416,99,7361.25
2,DistilBert,16,11427166088472435,134.841032495,797,backward,99.8,1383100416,99,7361.25
2,DistilBert,16,11427166589478330,135.34203839,800,backward,99.8,1383112704,99,7361.25
2,DistilBert,16,11427167090661209,135.843221269,803,backward,99.7,1383112704,99,7361.25
2,DistilBert,16,11427167592185283,136.344745343,806,backward,99.7,1383112704,99,7361.25
2,DistilBert,16,11427168093615506,136.846175566,809,backward,101.7,1383112704,99,7361.25
2,DistilBert,16,11427168595351775,137.347911835,812,backward,99.7,1383112704,99,7361.25
2,DistilBert,16,11427169096833128,137.849393188,815,backward,99.8,1383112704,99,7361.25
2,DistilBert,16,11427169597935336,138.350495396,818,backward,99.8,1383112704,99,7361.25
2,DistilBert,16,11427170098995682,138.851555742,821,backward,101.8,1383112704,98,7361.25
2,DistilBert,16,11427170600036928,139.352596988,824,forward,99.8,1383112704,99,7361.25
2,DistilBert,16,11427171101111945,139.853672005,827,forward,99.8,1383129088,98,7361.25
2,DistilBert,16,11427171602173972,140.354734032,830,forward,99.8,1383129088,99,7361.25
2,DistilBert,16,11427172103209238,140.855769298,833,forward,99.8,1383129088,98,7361.25
2,DistilBert,16,11427172604282895,141.356842955,836,forward,101.8,1383129088,99,7361.25
2,DistilBert,16,11427173105315101,141.857875161,839,forward,99.8,1383129088,99,7361.25
2,DistilBert,16,11427173606376417,142.358936477,842,forward,99.8,1383129088,99,7361.25
2,DistilBert,16,11427174107389103,142.859949163,844,optimizer,101.7,1383129088,99,7361.25
2,DistilBert,16,11427174608817596,143.361377656,847,optimizer,99.7,1383129088,98,7361.25
2,DistilBert,16,11427175110365641,143.862925701,850,optimizer,99.7,1383149568,99,7361.25
2,DistilBert,16,11427175611802844,144.364362904,853,backward,101.7,1383149568,98,7361.25
2,DistilBert,16,11427176113305388,144.865865448,856,backward,99.8,1383149568,99,7361.25
2,DistilBert,16,11427176614352015,145.366912075,859,backward,99.7,1383149568,98,7361.25
2,DistilBert,16,11427177115835648,145.868395708,862,backward,99.8,1383153664,99,7361.25
2,DistilBert,16,11427177617086198,146.369646258,865,backward,101.6,1383153664,99,7361.25
2,DistilBert,16,11427178119016890,146.87157695,868,backward,99.8,1383161856,99,7361.25
2,DistilBert,16,11427178620167208,147.372727268,871,backward,99.8,1383161856,99,7361.25
2,DistilBert,16,11427179121218545,147.873778605,874,backward,99.8,1383161856,99,7361.25
2,DistilBert,16,11427179622273781,148.374833841,877,backward,99.7,1383161856,99,7361.25
2,DistilBert,16,11427180123772825,148.876332885,880,backward,101.8,1383161856,98,7361.25
2,DistilBert,16,11427180624857482,149.377417542,883,backward,99.8,1383174144,99,7361.25
2,DistilBert,16,11427181125897049,149.878457109,886,backward,99.7,1383174144,98,7361.25
2,DistilBert,16,11427181627422763,150.379982823,889,backward,101.7,1383174144,99,7361.25
2,DistilBert,16,11427182128951508,150.881511568,892,backward,101.7,1383174144,99,7361.25
2,DistilBert,16,11427182630452132,151.383012192,895,backward,99.7,1383174144,99,7361.25
2,DistilBert,16,11427183131932816,151.884492876,898,forward,99.7,1383174144,99,7361.25
2,DistilBert,16,11427183633294698,152.385854758,901,forward,99.8,1383174144,99,7361.25
2,DistilBert,16,11427184134355024,152.886915084,904,forward,99.8,1383174144,99,7361.25
2,DistilBert,16,11427184635420661,153.387980721,907,forward,101.8,1383186432,98,7361.25
2,DistilBert,16,11427185136451367,153.889011427,910,forward,99.8,1383186432,99,7361.25
2,DistilBert,16,11427185637503013,154.390063073,913,forward,99.8,1383186432,98,7361.25
2,DistilBert,16,11427186138523969,154.891084029,916,forward,99.8,1383186432,99,7361.25
2,DistilBert,16,11427186639578945,155.392139005,918,optimizer,99.8,1383186432,98,7361.25
2,DistilBert,16,11427187140701313,155.893261373,921,backward,101.8,1383198720,99,7361.25
2,DistilBert,16,11427187642204327,156.394764387,924,backward,99.7,1383202816,99,7361.25
2,DistilBert,16,11427188143244144,156.895804204,927,backward,101.7,1383202816,99,7361.25
2,DistilBert,16,11427188644701997,157.397262057,930,backward,99.7,1383202816,99,7361.25
2,DistilBert,16,11427189146287553,157.898847613,933,backward,99.7,1383206912,99,7361.25
2,DistilBert,16,11427189647730606,158.400290666,936,backward,99.7,1383206912,99,7361.25
2,DistilBert,16,11427190149193010,158.90175307,939,backward,99.7,1383206912,99,7361.25
2,DistilBert,16,11427190650574372,159.403134432,942,backward,101.8,1383206912,99,7361.25
2,DistilBert,16,11427191151612028,159.904172088,945,backward,99.8,1383206912,98,7361.25
2,DistilBert,16,11427191652657654,160.405217714,948,backward,99.8,1383206912,99,7361.25
2,DistilBert,16,11427192153718651,160.906278711,951,backward,101.8,1383227392,98,7361.25
2,DistilBert,16,11427192654756767,161.407316827,954,backward,99.8,1383227392,99,7361.25
2,DistilBert,16,11427193155803663,161.908363723,957,backward,99.8,1383227392,99,7361.25
2,DistilBert,16,11427193656833789,162.409393849,960,backward,99.8,1383227392,99,7361.25
2,DistilBert,16,11427194157866045,162.910426105,963,backward,99.8,1383227392,99,7361.25
2,DistilBert,16,11427194658912961,163.411473021,966,forward,101.7,1383227392,98,7361.25
2,DistilBert,16,11427195160496147,163.913056207,969,forward,99.8,1383227392,99,7361.25
2,DistilBert,16,11427195661526693,164.414086753,972,forward,100.8,1383227392,99,7361.25
2,DistilBert,16,11427196167255072,164.919815132,975,forward,99.7,1383239680,99,7361.25
2,DistilBert,16,11427196668816397,165.421376457,978,forward,99.7,1383239680,98,7361.25
2,DistilBert,16,11427197170235120,165.92279518,981,forward,99.8,1383264256,99,7361.25
2,DistilBert,16,11427197671440388,166.424000448,984,forward,103.8,1383264256,98,7361.25
2,DistilBert,16,11427198172494485,166.925054545,987,forward,99.8,1383264256,99,7361.25
2,DistilBert,16,11427198673516681,167.426076741,990,forward,99.8,1383264256,98,7361.25
2,DistilBert,16,11427199174562747,167.927122807,993,forward,97.8,1383264256,99,7361.25
2,DistilBert,16,11427199675594183,168.428154243,995,optimizer,103.8,1383264256,99,7361.25
2,DistilBert,16,11427200176715681,168.929275741,998,backward,99.8,1383264256,99,7361.25
2,DistilBert,16,11427200678062863,169.430622923,1001,backward,99.7,1383264256,99,7361.25
2,DistilBert,16,11427201179151079,169.931711139,1004,backward,99.7,1383264256,98,7361.25
2,DistilBert,16,11427201680586343,170.433146403,1007,backward,99.1,1383264256,99,7361.25
2,DistilBert,16,11427202184976838,170.937536898,1010,backward,101.7,1383280640,98,7361.25
2,DistilBert,16,11427202686515242,171.439075302,1013,backward,99.8,1383280640,99,7361.25
2,DistilBert,16,11427203187634480,171.94019454,1016,backward,101.8,1383280640,98,7361.25
2,DistilBert,16,11427203688705757,172.441265817,1019,backward,99.8,1383280640,99,7361.25
2,DistilBert,16,11427204189796084,172.942356144,1022,backward,99.7,1383280640,99,7361.25
2,DistilBert,16,11427204691527662,173.444087722,1025,backward,99.8,1383280640,99,7361.25
2,DistilBert,16,11427205192571298,173.945131358,1028,backward,99.8,1383297024,99,7361.25
2,DistilBert,16,11427205693647725,174.446207785,1031,backward,101.8,1383297024,99,7361.25
2,DistilBert,16,11427206194721752,174.947281812,1034,backward,99.8,1383297024,99,7361.25
2,DistilBert,16,11427206695688827,175.448248887,1037,backward,101.8,1383297024,99,7361.25
2,DistilBert,16,11427207196740533,175.949300593,1040,backward,99.8,1383297024,99,7361.25
2,DistilBert,16,11427207697811880,176.45037194,1043,backward,99.7,1383305216,98,7361.25
2,DistilBert,16,11427208199317784,176.951877844,1046,backward,99.7,1383305216,99,7361.25
2,DistilBert,16,11427208700637005,177.453197065,1049,backward,99.7,1383305216,98,7361.25
2,DistilBert,16,11427209202079638,177.954639698,1052,backward,101.7,1383305216,99,7361.25
2,DistilBert,16,11427209703668244,178.456228304,1055,forward,99.7,1383305216,98,7361.25
2,DistilBert,16,11427210205300041,178.957860101,1058,forward,99.8,1383305216,99,7361.25
2,DistilBert,16,11427210706330377,179.458890437,1061,forward,99.7,1383305216,99,7361.25
2,DistilBert,16,11427211207593777,179.960153837,1064,forward,101.8,1383305216,99,7361.25
2,DistilBert,16,11427211708633103,180.461193163,1067,forward,99.8,1383305216,99,7361.25
2,DistilBert,16,11427212209640169,180.962200229,1070,forward,99.8,1383305216,99,7361.25
2,DistilBert,16,11427212710676765,181.463236825,1073,forward,101.7,1383329792,99,7361.25
2,DistilBert,16,11427213212063827,181.964623887,1076,forward,99.8,1383329792,98,7361.25
2,DistilBert,16,11427213713176345,182.465736405,1078,optimizer,99.8,1383329792,99,7361.25
2,DistilBert,16,11427214214295632,182.966855692,1081,optimizer,101.8,1383329792,98,7361.25
2,DistilBert,16,11427214715358979,183.467919039,1084,backward,97.7,1383329792,99,7361.25
2,DistilBert,16,11427215216901853,183.969461913,1087,backward,101.7,1383329792,99,7361.25
2,DistilBert,16,11427215718179004,184.470739064,1090,backward,99.7,1383329792,99,7361.25
2,DistilBert,16,11427216219518125,184.972078185,1093,backward,99.7,1383329792,99,7361.25
2,DistilBert,16,11427216720939768,185.473499828,1096,backward,99.7,1383329792,99,7361.25
2,DistilBert,16,11427217222374391,185.974934451,1099,backward,99.8,1383346176,99,7361.25
2,DistilBert,16,11427217723468228,186.476028288,1102,backward,101.8,1383350272,98,7361.25
2,DistilBert,16,11427218224629397,186.977189457,1105,backward,99.8,1383350272,99,7361.25
2,DistilBert,16,11427218725685763,187.478245823,1108,backward,99.8,1383350272,98,7361.25
2,DistilBert,16,11427219226693909,187.979253969,1111,backward,99.8,1383378944,99,7361.25
2,DistilBert,16,11427219727775056,188.480335116,1114,backward,103.8,1383378944,98,7361.25
2,DistilBert,16,11427220228755711,188.981315771,1117,backward,99.8,1383378944,99,7361.25
2,DistilBert,16,11427220729790497,189.482350557,1120,backward,99.8,1383378944,98,7361.25
2,DistilBert,16,11427221230815913,189.983375973,1123,backward,99.8,1383391232,99,7361.25
2,DistilBert,16,11427221731890360,190.48445042,1126,forward,99.8,1383391232,99,7361.25
2,DistilBert,16,11427222232970486,190.985530546,1129,forward,99.7,1383391232,99,7361.25
2,DistilBert,16,11427222734401330,191.48696139,1132,forward,99.7,1383391232,99,7361.25
2,DistilBert,16,11427223235853852,191.988413912,1135,forward,101.7,1383391232,98,7361.25
2,DistilBert,16,11427223737292426,192.489852486,1138,forward,99.7,1383399424,99,7361.25
2,DistilBert,16,11427224238633647,192.991193707,1141,forward,99.7,1383399424,98,7361.25
2,DistilBert,16,11427224740061590,193.49262165,1144,forward,101.8,1383399424,99,7361.25
2,DistilBert,16,11427225241134317,193.993694377,1147,step,101.8,1383399424,99,7361.25
2,DistilBert,16,11427225742260325,194.494820385,1149,optimizer,99.6,1383399424,99,7361.25
2,DistilBert,16,11427226244084645,194.996644705,1152,optimizer,99.8,1383399424,99,7361.25
2,DistilBert,16,11427226745177762,195.497737822,1155,backward,99.8,1383399424,99,7361.25
2,DistilBert,16,11427227246394451,195.998954511,1158,backward,99.8,1383399424,99,7361.25
2,DistilBert,16,11427227747438707,196.499998767,1161,backward,99.8,1383419904,99,7361.25
2,DistilBert,16,11427228248521174,197.001081234,1164,backward,99.8,1383424000,99,7361.25
2,DistilBert,16,11427228749552290,197.50211235,1167,backward,99.8,1383424000,98,7361.25
2,DistilBert,16,11427229250541176,198.003101236,1170,backward,101.7,1383424000,99,7361.25
2,DistilBert,16,11427229752075341,198.504635401,1173,backward,99.7,1383424000,98,7361.25
2,DistilBert,16,11427230253442002,199.006002062,1176,backward,101.3,1383424000,99,7361.25
2,DistilBert,16,11427230757083604,199.509643664,1179,backward,101.8,1383424000,98,7361.25
2,DistilBert,16,11427231258114270,200.01067433,1182,backward,99.7,1383424000,99,7361.25
2,DistilBert,16,11427231759646895,200.512206955,1185,backward,99.8,1383436288,99,7361.25
2,DistilBert,16,11427232260693451,201.013253511,1188,backward,101.8,1383436288,99,7361.25
2,DistilBert,16,11427232761730937,201.514290997,1191,backward,99.8,1383436288,99,7361.25
2,DistilBert,16,11427233262770794,202.015330854,1194,backward,99.8,1383436288,99,7361.25
2,DistilBert,16,11427233763834870,202.51639493,1197,forward,99.8,1383436288,99,7361.25
2,DistilBert,16,11427234264903127,203.017463187,1200,forward,99.7,1383436288,98,7361.25
2,DistilBert,16,11427234766231328,203.518791388,1203,forward,99.8,1383452672,99,7361.25
2,DistilBert,16,11427235267283694,204.019843754,1206,forward,101.7,1383452672,98,7361.25
2,DistilBert,16,11427235768756008,204.521316068,1209,forward,99.7,1383452672,99,7361.25
2,DistilBert,16,11427236270162911,205.022722971,1212,forward,99.7,1383452672,98,7361.25
2,DistilBert,16,11427236771682525,205.524242585,1215,forward,101.7,1383452672,99,7361.25
2,DistilBert,16,11427237273130879,206.025690939,1218,forward,99.7,1383452672,99,7361.25
2,DistilBert,16,11427237774550121,206.527110181,1220,optimizer,99.7,1383452672,99,7361.25
2,DistilBert,16,11427238276057806,207.028617866,1223,optimizer,99.8,1383469056,99,7361.25
2,DistilBert,16,11427238777311776,207.529871836,1226,backward,99.8,1383469056,98,7361.25
2,DistilBert,16,11427239278369002,208.030929062,1229,backward,101.8,1383469056,99,7361.25
2,DistilBert,16,11427239779443589,208.532003649,1232,backward,101.8,1383469056,98,7361.25
2,DistilBert,16,11427240280513726,209.033073786,1235,backward,99.8,1383469056,99,7361.25
2,DistilBert,16,11427240781554452,209.534114512,1238,backward,99.8,1383469056,98,7361.25
2,DistilBert,16,11427241282572798,210.035132858,1241,backward,99.8,1383477248,99,7361.25
2,DistilBert,16,11427241783598063,210.536158123,1244,backward,99.8,1383477248,99,7361.25
2,DistilBert,16,11427242284634000,211.03719406,1247,backward,99.8,1383477248,99,7361.25
2,DistilBert,16,11427242785621715,211.538181775,1250,backward,101.8,1383477248,99,7361.25
2,DistilBert,16,11427243286648931,212.039208991,1253,backward,99.7,1383477248,99,7361.25
2,DistilBert,16,11427243788163055,212.540723115,1256,backward,99.7,1383477248,99,7361.25
2,DistilBert,16,11427244289616649,213.042176709,1259,backward,99.7,1383497728,99,7361.25
2,DistilBert,16,11427244791055342,213.543615402,1262,backward,101.7,1383497728,99,7361.25
2,DistilBert,16,11427245292559636,214.045119696,1265,backward,99.7,1383497728,98,7361.25
2,DistilBert,16,11427245793874417,214.546434477,1268,backward,99.8,1383497728,99,7361.25
2,DistilBert,16,11427246294933344,215.047493404,1271,forward,101.8,1383497728,98,7361.25
2,DistilBert,16,11427246795997180,215.54855724,1274,forward,99.8,1383497728,99,7361.25
2,DistilBert,16,11427247297001576,216.049561636,1277,forward,99.8,1383497728,98,7361.25
2,DistilBert,16,11427247798043162,216.550603222,1280,forward,99.8,1383497728,99,7361.25
2,DistilBert,16,11427248299098189,217.051658249,1283,forward,101.8,1383510016,99,7361.25
2,DistilBert,16,11427248800288847,217.552848907,1286,forward,99.8,1383510016,99,7361.25
2,DistilBert,16,11427249301401465,218.053961525,1289,forward,99.8,1383510016,99,7361.25
2,DistilBert,16,11427249802448591,218.555008651,1291,optimizer,101.8,1383510016,98,7361.25
2,DistilBert,16,11427250303649490,219.05620955,1294,optimizer,97.7,1383510016,99,7361.25
2,DistilBert,16,11427250804930110,219.55749017,1297,backward,101.7,1383510016,98,7361.25
2,DistilBert,16,11427251306388504,220.058948564,1300,backward,99.7,1383526400,99,7361.25
2,DistilBert,16,11427251807683164,220.560243224,1303,backward,101.7,1383526400,99,7361.25
2,DistilBert,16,11427252309112318,221.061672378,1306,backward,99.7,1383526400,99,7361.25
2,DistilBert,16,11427252810528930,221.56308899,1309,backward,99.7,1383526400,99,7361.25
2,DistilBert,16,11427253312060945,222.064621005,1312,backward,99.8,1383526400,99,7361.25
2,DistilBert,16,11427253813098101,222.565658161,1315,backward,101.8,1383526400,99,7361.25
2,DistilBert,16,11427254314176468,223.066736528,1318,backward,99.8,1383526400,99,7361.25
2,DistilBert,16,11427254815238185,223.567798245,1321,backward,99.8,1383526400,99,7361.25
2,DistilBert,16,11427255316293901,224.068853961,1324,backward,99.8,1383538688,98,7361.25
2,DistilBert,16,11427255817478860,224.57003892,1327,backward,99.7,1383538688,99,7361.25
2,DistilBert,16,11427256318909823,225.071469883,1330,backward,99.8,1383538688,98,7361.25
2,DistilBert,16,11427256819950559,225.572510619,1333,backward,101.8,1383538688,99,7361.25
2,DistilBert,16,11427257321020716,226.073580776,1336,backward,101.8,1383538688,99,7361.25
2,DistilBert,16,11427257822077262,226.574637322,1339,backward,99.7,1383538688,99,7361.25
2,DistilBert,16,11427258323605457,227.076165517,1342,forward,99.7,1383538688,99,7361.25
2,DistilBert,16,11427258825176542,227.577736602,1345,forward,99.7,1383555072,98,7361.25
2,DistilBert,16,11427259326683157,228.079243217,1348,forward,99.7,1383555072,99,7361.25
2,DistilBert,16,11427259828145410,228.58070547,1351,forward,101.7,1383555072,98,7361.25
2,DistilBert,16,11427260329586753,229.082146813,1354,forward,99.8,1383555072,99,7361.25
2,DistilBert,16,11427260830589999,229.583150059,1357,forward,99.8,1383555072,98,7361.25
2,DistilBert,16,11427261331671066,230.084231126,1360,forward,99.8,1383567360,99,7361.25
2,DistilBert,16,11427261832698922,230.585258982,1363,forward,101.7,1383567360,99,7361.25
2,DistilBert,16,11427262334301748,231.086861808,1365,optimizer,99.7,1383567360,99,7361.25
2,DistilBert,16,11427262835383425,231.587943485,1368,backward,101.8,1383567360,99,7361.25
2,DistilBert,16,11427263336457272,232.089017332,1371,backward,99.8,1383567360,99,7361.25
2,DistilBert,16,11427263837490927,232.590050987,1374,backward,99.8,1383571456,99,7361.25
2,DistilBert,16,11427264338574955,233.091135015,1377,backward,99.8,1383571456,99,7361.25
2,DistilBert,16,11427264839609820,233.59216988,1380,backward,99.7,1383571456,99,7361.25
2,DistilBert,16,11427265340994903,234.093554963,1383,backward,99.7,1383571456,98,7361.25
2,DistilBert,16,11427265842456886,234.595016946,1386,backward,103.3,1383571456,99,7361.25
2,DistilBert,16,11427266345677991,235.098238051,1389,backward,99.7,1383571456,99,7361.25
2,DistilBert,16,11427266847272277,235.599832337,1392,backward,99.7,1383571456,99,7361.25
2,DistilBert,16,11427267348606718,236.101166778,1395,backward,99.8,1383591936,99,7361.25
2,DistilBert,16,11427267849647524,236.602207584,1398,backward,99.8,1383591936,99,7361.25
2,DistilBert,16,11427268350868243,237.103428303,1401,backward,99.8,1383591936,99,7361.25
2,DistilBert,16,11427268851859649,237.604419709,1404,backward,101.8,1383596032,99,7361.25
2,DistilBert,16,11427269352877625,238.105437685,1407,backward,99.8,1383596032,99,7361.25
2,DistilBert,16,11427269853869540,238.6064296,1410,backward,101.6,1383596032,99,7361.25
2,DistilBert,16,11427270355743351,239.108303411,1413,forward,99.8,1383596032,99,7361.25
2,DistilBert,16,11427270856811377,239.609371437,1416,forward,99.8,1383596032,98,7361.25
2,DistilBert,16,11427271357855774,240.110415834,1419,forward,99.7,1383596032,99,7361.25
2,DistilBert,16,11427271859251526,240.611811586,1422,forward,100.7,1383612416,98,7361.25
2,DistilBert,16,11427272365852500,241.11841256,1425,forward,99.8,1383612416,99,7361.25
2,DistilBert,16,11427272866892026,241.619452086,1428,forward,101.8,1383612416,98,7361.25
2,DistilBert,16,11427273367915262,242.120475322,1431,forward,99.8,1383612416,99,7361.25
2,DistilBert,16,11427273868956728,242.621516788,1434,forward,99.8,1383612416,99,7361.25
2,DistilBert,16,11427274369936343,243.122496403,1436,optimizer,101.8,1383612416,99,7361.25
2,DistilBert,16,11427274871033760,243.62359382,1439,optimizer,99.8,1383612416,99,7361.25
2,DistilBert,16,11427275372134458,244.124694518,1442,backward,99.8,1383612416,98,7361.25
2,DistilBert,16,11427275873238035,244.625798095,1445,backward,99.8,1383628800,99,7361.25
2,DistilBert,16,11427276374350762,245.126910822,1448,backward,101.8,1383628800,98,7361.25
2,DistilBert,16,11427276875433109,245.627993169,1451,backward,99.7,1383628800,99,7361.25
2,DistilBert,16,11427277376678629,246.129238689,1454,backward,99.7,1383628800,99,7361.25
2,DistilBert,16,11427277878095982,246.630656042,1457,backward,101.7,1383628800,99,7361.25
2,DistilBert,16,11427278379668258,247.132228318,1460,backward,99.6,1383628800,99,7361.25
2,DistilBert,16,11427278881781212,247.634341272,1463,backward,99.7,1383636992,98,7361.25
2,DistilBert,16,11427279383385809,248.135945869,1466,backward,101.8,1383641088,99,7361.25
2,DistilBert,16,11427279884476855,248.637036915,1469,backward,99.8,1383641088,99,7361.25
2,DistilBert,16,11427280385550552,249.138110612,1472,backward,99.8,1383641088,99,7361.25
2,DistilBert,16,11427280886611088,249.639171148,1475,backward,99.8,1383641088,98,7361.25
2,DistilBert,16,11427281387650725,250.140210785,1478,backward,101.8,1383649280,99,7361.25
2,DistilBert,16,11427281888677121,250.641237181,1481,backward,99.8,1383649280,98,7361.25
2,DistilBert,16,11427282389723917,251.142283977,1484,backward,101.8,1383649280,99,7361.25
2,DistilBert,16,11427282890767033,251.643327093,1487,forward,99.8,1383649280,98,7361.25
2,DistilBert,16,11427283391750188,252.144310248,1490,forward,99.8,1383649280,99,7361.25
2,DistilBert,16,11427283892775645,252.645335705,1493,forward,99.8,1383649280,99,7361.25
2,DistilBert,16,11427284393793250,253.14635331,1496,forward,99.7,1383649280,99,7361.25
2,DistilBert,16,11427284895200063,253.647760123,1499,forward,99.7,1383649280,99,7361.25
2,DistilBert,16,11427285396677827,254.149237887,1502,forward,99.7,1383665664,98,7361.25
2,DistilBert,16,11427285898095209,254.650655269,1505,forward,99.7,1383665664,99,7361.25
2,DistilBert,16,11427286399533563,255.152093623,1508,forward,103.7,1383665664,98,7361.25
2,DistilBert,16,11427286901023826,255.653583886,1510,optimizer,99.8,1383665664,99,7361.25
2,DistilBert,16,11427287402142204,256.154702264,1513,optimizer,99.7,1383665664,98,7361.25
2,DistilBert,16,11427287903480975,256.656041035,1516,backward,99.8,1383665664,99,7361.25
2,DistilBert,16,11427288404552372,257.157112432,1519,backward,99.8,1383665664,99,7361.25
2,DistilBert,16,11427288905575028,257.658135088,1522,backward,99.8,1383665664,99,7361.25
2,DistilBert,16,11427289406829738,258.159389798,1525,backward,99.8,1383682048,99,7361.25
2,DistilBert,16,11427289908064898,258.660624958,1528,backward,101.8,1383682048,99,7361.25
2,DistilBert,16,11427290409107954,259.161668014,1531,backward,99.8,1383682048,99,7361.25
2,DistilBert,16,11427290910115910,259.66267597,1534,backward,99.8,1383694336,98,7361.25
2,DistilBert,16,11427291411165356,260.163725416,1537,backward,101.7,1383694336,99,7361.25
2,DistilBert,16,11427291912504597,260.665064657,1540,backward,101.7,1383694336,98,7361.25
2,DistilBert,16,11427292414090633,261.166650693,1543,backward,99.7,1383694336,99,7361.25
2,DistilBert,16,11427292915507306,261.668067366,1546,backward,97.7,1383694336,98,7361.25
2,DistilBert,16,11427293416852998,262.169413058,1549,backward,101.7,1383694336,99,7361.25
2,DistilBert,16,11427293918174838,262.670734898,1552,backward,99.8,1383694336,99,7361.25
2,DistilBert,16,11427294419341147,263.171901207,1555,backward,101.8,1383694336,99,7361.25
2,DistilBert,16,11427294920383403,263.672943463,1558,backward,99.8,1383694336,99,7361.25
2,DistilBert,16,11427295421397399,264.173957459,1561,backward,99.8,1383706624,99,7361.25
2,DistilBert,16,11427295922458615,264.675018675,1564,backward,101.8,1383706624,99,7361.25
2,DistilBert,16,11427296423507531,265.176067591,1567,forward,97.8,1383706624,98,7361.25
2,DistilBert,16,11427296924766182,265.677326242,1570,forward,99.8,1383706624,99,7361.25
2,DistilBert,16,11427297425803728,266.178363788,1573,forward,101.8,1383706624,98,7361.25
2,DistilBert,16,11427297926802773,266.679362833,1576,forward,99.8,1383706624,99,7361.25
2,DistilBert,16,11427298427990762,267.180550822,1579,forward,101.8,1383706624,99,7361.25
2,DistilBert,16,11427298929049519,267.681609579,1582,forward,99.7,1383727104,99,7361.25
2,DistilBert,16,11427299430582703,268.183142763,1584,optimizer,99.0,1383727104,98,7361.25
2,DistilBert,16,11427299935650730,268.68821079,1587,optimizer,101.7,1383727104,99,7361.25
2,DistilBert,16,11427300437128934,269.189688994,1590,optimizer,101.8,1383727104,99,7361.25
2,DistilBert,16,11427300938175310,269.69073537,1593,backward,99.8,1383735296,99,7361.25
2,DistilBert,16,11427301439216096,270.191776156,1596,backward,99.8,1383735296,99,7361.25
2,DistilBert,16,11427301940247482,270.692807542,1599,backward,99.8,1383735296,98,7361.25
2,DistilBert,16,11427302441262878,271.193822938,1602,backward,99.8,1383735296,99,7361.25
2,DistilBert,16,11427302942291944,271.694852004,1605,backward,99.8,1383735296,98,7361.25
2,DistilBert,16,11427303443327710,272.19588777,1608,backward,101.8,1383735296,99,7361.25
2,DistilBert,16,11427303944497239,272.697057299,1611,backward,99.8,1383747584,98,7361.25
2,DistilBert,16,11427304445550455,273.198110515,1614,backward,99.8,1383747584,99,7361.25
2,DistilBert,16,11427304946587161,273.699147221,1617,backward,99.7,1383747584,99,7361.25
2,DistilBert,16,11427305448033364,274.200593424,1620,backward,101.7,1383747584,99,7361.25
2,DistilBert,16,11427305949529369,274.702089429,1623,backward,99.7,1383747584,99,7361.25
2,DistilBert,16,11427306450878500,275.20343856,1626,backward,99.7,1383747584,99,7361.25
2,DistilBert,16,11427306952340984,275.704901044,1629,backward,101.7,1383759872,99,7361.25
2,DistilBert,16,11427307453830658,276.206390718,1632,forward,99.7,1383759872,98,7361.25
2,DistilBert,16,11427307955138978,276.707699038,1635,forward,99.8,1383759872,99,7361.25
2,DistilBert,16,11427308456211885,277.208771945,1638,forward,99.8,1383759872,98,7361.25
2,DistilBert,16,11427308957239771,277.709799831,1641,forward,99.8,1383759872,99,7361.25
2,DistilBert,16,11427309458282628,278.210842688,1644,forward,99.8,1383768064,98,7361.25
2,DistilBert,16,11427309959291893,278.711851953,1647,forward,103.8,1383768064,99,7361.25
2,DistilBert,16,11427310460377820,279.21293788,1650,forward,99.8,1383768064,99,7361.25
2,DistilBert,16,11427310961395936,279.713955996,1653,forward,99.8,1383768064,99,7361.25
2,DistilBert,16,11427311462442643,280.215002703,1655,optimizer,99.8,1383768064,99,7361.25
2,DistilBert,16,11427311963508189,280.716068249,1658,backward,99.7,1383768064,98,7361.25
2,DistilBert,16,11427312464913352,281.217473412,1661,backward,99.7,1383768064,99,7361.25
2,DistilBert,16,11427312966296364,281.718856424,1664,backward,101.7,1383780352,98,7361.25
2,DistilBert,16,11427313467803588,282.220363648,1667,backward,99.7,1383780352,99,7361.25
2,DistilBert,16,11427313969302343,282.721862403,1670,backward,99.7,1383780352,98,7361.25
2,DistilBert,16,11427314470759866,283.223319926,1673,backward,101.7,1383780352,99,7361.25
2,DistilBert,16,11427314972365542,283.724925602,1676,backward,99.8,1383780352,99,7361.25
2,DistilBert,16,11427315473415909,284.225975969,1679,backward,99.8,1383780352,99,7361.25
2,DistilBert,16,11427315974461275,284.727021335,1682,backward,101.8,1383780352,99,7361.25
2,DistilBert,16,11427316475496591,285.228056651,1685,backward,99.8,1383780352,99,7361.25
2,DistilBert,16,11427316976536387,285.729096447,1688,backward,97.8,1383780352,99,7361.25
2,DistilBert,16,11427317477593084,286.230153144,1691,backward,99.8,1383804928,99,7361.25
2,DistilBert,16,11427317978643100,286.73120316,1694,backward,101.8,1383804928,99,7361.25
2,DistilBert,16,11427318479699356,287.232259416,1697,backward,101.8,1383804928,98,7361.25
2,DistilBert,16,11427318980697622,287.733257682,1700,backward,99.8,1383804928,99,7361.25
2,DistilBert,16,11427319074370044,287.826930104,1700,finished,96.2,1383804928,99,7361.25
