run_num,model,batch_size,step,step_end_time_s,loss,step_time_ns,forward_time_ns,backward_time_ns,optimizer_time_ns
2,DistilBert,32,1,0.462399735,10.48458480834961,461434328,199113857,229194223,32962776
2,DistilBert,32,2,0.783584365,9.916074752807617,320635080,103383166,205124642,11806127
2,DistilBert,32,3,1.107341668,8.694461822509766,323269215,104816420,205816345,12281134
2,DistilBert,32,4,1.432029059,8.859315872192383,324128151,105632915,206307302,11817226
2,DistilBert,32,5,1.757999172,8.54509162902832,325575256,105911600,207434703,11943958
2,DistilBert,32,6,2.081565742,8.298198699951172,323124633,105219467,205743913,11880178
2,DistilBert,32,7,2.40491136,8.170364379882812,322906150,104481384,206363224,11800887
2,DistilBert,32,8,2.728988729,7.31205940246582,323676162,105132756,206339484,11899828
2,DistilBert,32,9,3.055164926,6.841696739196777,325754320,105074625,208542212,11880318
2,DistilBert,32,10,3.386669875,6.148429870605469,331124453,105826577,213083651,11931359
2,DistilBert,32,11,3.711598699,5.643638610839844,324462296,105866848,206532767,11809296
2,DistilBert,32,12,4.038631941,5.148467540740967,326637765,106194686,208140055,12005590
2,DistilBert,32,13,4.362645409,4.966241836547852,323563630,105076305,206375765,11849257
2,DistilBert,32,14,4.68737447,4.130439281463623,324342144,105211037,207015166,11856467
2,DistilBert,32,15,5.013996715,3.4270169734954834,326238958,106405419,207127976,12306405
2,DistilBert,32,16,5.339970698,2.9844436645507812,325388513,106153303,207024355,11865587
2,DistilBert,32,17,5.664362483,2.537914752960205,323920037,104869852,206932524,11857496
2,DistilBert,32,18,5.990454988,2.090350389480591,325647688,105783487,207528954,12023511
2,DistilBert,32,19,6.318728691,1.6626473665237427,327828056,106299676,209481829,11773766
2,DistilBert,32,20,6.643570193,1.3063238859176636,324400255,105245508,207080227,11813416
2,DistilBert,32,21,6.96918537,1.025667428970337,325234290,105517754,207467863,11956519
2,DistilBert,32,22,7.298102414,0.7883166074752808,328475516,106649213,209682012,11882307
2,DistilBert,32,23,7.623045589,0.5998103022575378,324562028,105088806,207434413,11782506
2,DistilBert,32,24,7.949628463,0.4514910578727722,326199557,105597715,208232996,12051051
2,DistilBert,32,25,8.280661994,0.33464765548706055,330511182,106776945,211638326,11828617
2,DistilBert,32,26,8.605906174,0.25093644857406616,324834843,105516912,207187709,11865206
2,DistilBert,32,27,8.933898252,0.18448229134082794,327600522,106929148,208550282,11863677
2,DistilBert,32,28,9.260955034,0.13728153705596924,326676366,106186465,207723537,12330336
2,DistilBert,32,29,9.586995117,0.10451234877109528,325497244,106260675,207125797,11786405
2,DistilBert,32,30,9.915967433,0.07906792312860489,328579619,106735014,209762954,11815616
2,DistilBert,32,31,10.242039207,0.061550505459308624,325672417,106101323,207491313,11820487
2,DistilBert,32,32,10.569352754,0.04854073375463486,326925930,106323936,208278917,12002200
2,DistilBert,32,33,10.897869551,0.04004208743572235,328079949,106155814,209810954,11846906
2,DistilBert,32,34,11.224433264,0.03264767304062843,326112426,105750797,208305397,11793087
2,DistilBert,32,35,11.553088184,0.027912884950637817,328259293,107243604,208988819,11765466
2,DistilBert,32,36,11.880820757,0.023784175515174866,327344446,106509070,208640134,11894227
2,DistilBert,32,37,12.207499142,0.020615706220269203,326220907,106145114,208036313,11782525
2,DistilBert,32,38,12.537605737,0.01836257427930832,329723368,107066970,210586077,11808656
2,DistilBert,32,39,12.864018338,0.016031574457883835,326033534,105712266,208204177,11859188
2,DistilBert,32,40,13.193538552,0.014600764960050583,329130407,107147491,209762934,11890418
2,DistilBert,32,41,13.52035611,0.013301006518304348,326305499,106512770,207783209,11739795
2,DistilBert,32,42,13.847335001,0.01198369450867176,326595624,106271996,208211105,11858297
2,DistilBert,32,43,14.177019348,0.011215097270905972,329286201,107165741,210027359,11832577
2,DistilBert,32,44,14.503730323,0.010407853871583939,326312508,105816427,208399689,11839226
2,DistilBert,32,45,14.833557924,0.00970897451043129,329437444,107296844,209388036,12321645
2,DistilBert,32,46,15.161787766,0.00910312868654728,327679273,106430349,209076731,11830137
2,DistilBert,32,47,15.49815822,0.008564306423068047,335970917,106430299,217437858,11843357
2,DistilBert,32,48,15.82506854,0.008150197565555573,326509383,105681885,208769786,11792597
2,DistilBert,32,49,16.154786488,0.007635750807821751,329338842,106474749,210869803,11732525
2,DistilBert,32,50,16.481944801,0.007275124080479145,326772406,106133573,208335249,12011440
2,DistilBert,32,51,16.811276753,0.006980285048484802,328878364,106893877,209877456,11839287
2,DistilBert,32,52,17.138425586,0.006758400704711676,326705825,106357117,208239126,11827117
2,DistilBert,32,53,17.466202781,0.006414972711354494,327412918,106319167,208981000,11858177
2,DistilBert,32,54,17.800081861,0.006101304665207863,333485884,107821963,213593160,11812616
2,DistilBert,32,55,18.129671677,0.005972044076770544,329190409,107257084,209687033,11942799
2,DistilBert,32,56,18.459296654,0.0057936473749578,329198089,107481587,209654311,11800186
2,DistilBert,32,57,18.787644788,0.005621352232992649,327969058,106694673,209167202,11844337
2,DistilBert,32,58,19.126256212,0.005437561310827732,338213597,107847923,218314723,11771225
2,DistilBert,32,59,19.456079272,0.00529241468757391,329452364,106131083,211219109,11847097
2,DistilBert,32,60,19.785033657,0.0052128927782177925,328553698,106537160,209579430,12121862
2,DistilBert,32,61,20.116682358,0.005026373080909252,331116072,107929244,211103797,11816426
2,DistilBert,32,62,20.444718797,0.004809906240552664,327655772,106252336,209335836,11790246
2,DistilBert,32,63,20.776645364,0.004774699453264475,331532570,108078868,211418142,11777285
2,DistilBert,32,64,21.104638092,0.004687496926635504,327607271,106060283,209548549,11738795
2,DistilBert,32,65,21.436216793,0.004576255101710558,331193444,107780552,211316890,11767476
2,DistilBert,32,66,21.764964934,0.004539230838418007,328361154,106360207,209262625,12310675
2,DistilBert,32,67,22.096591946,0.004386541433632374,331104393,107907965,211037136,11802376
2,DistilBert,32,68,22.424993591,0.004358913283795118,328006208,106452449,209445258,11833006
2,DistilBert,32,69,22.756038462,0.004227731376886368,330660554,107732342,210836562,11813326
2,DistilBert,32,70,23.08396334,0.004180038347840309,327546400,106155024,209236184,11893288
2,DistilBert,32,71,23.415684383,0.004152384586632252,331322257,107822002,211378542,11861477
2,DistilBert,32,72,23.74196908,0.004099247045814991,325900791,105401740,208439780,11798105
2,DistilBert,32,73,24.072276509,0.004010370001196861,329926412,107021110,210732690,11880877
2,DistilBert,32,74,24.399399012,0.0039427937008440495,326672775,106069563,208508391,11831437
2,DistilBert,32,75,24.728012601,0.003942172974348068,328156341,106722373,209346827,11826447
2,DistilBert,32,76,25.056243603,0.003937995061278343,327819864,106823305,208940909,11773755
2,DistilBert,32,77,25.380770711,0.00382176972925663,324155031,106249636,205795184,11774756
2,DistilBert,32,78,25.715969045,0.003837017109617591,334815927,107021019,215765658,11766266
2,DistilBert,32,79,26.043304552,0.003756654215976596,326941810,105877729,208858767,11898748
2,DistilBert,32,80,26.369132701,0.003729646559804678,325401802,107776522,205563750,11791015
2,DistilBert,32,81,26.69655397,0.003706409363076091,327013932,106565891,208375049,11808215
2,DistilBert,32,82,27.023586261,0.003605049103498459,326640805,106345337,208174445,11863348
2,DistilBert,32,83,27.353670506,0.0035895719192922115,329681078,106991308,210618799,11814027
2,DistilBert,32,84,27.681214046,0.0035491851158440113,327158083,106114093,208977080,11808295
2,DistilBert,32,85,28.012783076,0.0035111764445900917,331161003,107455847,211606425,11841916
2,DistilBert,32,86,28.340358767,0.0035611926577985287,327182684,105853980,208947438,12054321
2,DistilBert,32,87,28.672190853,0.0034346450120210648,331298615,107496517,211722957,11807546
2,DistilBert,32,88,28.999382127,0.00340993027202785,326804648,105638644,209112592,11790636
2,DistilBert,32,89,29.330145863,0.003443985478952527,330378590,107662590,210651279,11805075
2,DistilBert,32,90,29.657822015,0.0033439057879149914,327308336,106514521,208723306,11806266
2,DistilBert,32,91,29.986818821,0.0033065141178667545,328616619,106826516,209749072,11786156
2,DistilBert,32,92,30.315550852,0.0032718360889703035,328346954,106816325,209398867,11848498
2,DistilBert,32,93,30.6441447,0.0033080927096307278,328210591,106817715,209263265,11820496
2,DistilBert,32,94,30.975155121,0.0032922185491770506,330620274,107567708,210380584,12256793
2,DistilBert,32,95,31.303676839,0.003257282543927431,327973808,106707464,209173103,11757715
2,DistilBert,32,96,31.633838495,0.0032146675512194633,329765009,107613100,210115239,11775187
2,DistilBert,32,97,31.958993223,0.0032179872505366802,324778332,106326806,206358314,11832867
2,DistilBert,32,98,32.296143692,0.0031450786627829075,336770382,107880664,216796006,11822827
2,DistilBert,32,99,32.626027632,0.0031996879260987043,329483043,107309424,210150820,11766265
2,DistilBert,32,100,32.95169669,0.0031134439632296562,325278201,107301985,205874016,11841477
2,DistilBert,32,101,33.279750549,0.003077669767662883,327651502,106220185,209384886,11782616
2,DistilBert,32,102,33.61763362,0.00303284777328372,337491164,107628900,217846565,11729695
2,DistilBert,32,103,33.948483008,0.0030324473045766354,330465792,107586059,210795781,11792736
2,DistilBert,32,104,34.277368982,0.0030371900647878647,328451347,106649242,209801475,11727825
2,DistilBert,32,105,34.608060126,0.003054717555642128,330250887,107591708,210692040,11708264
2,DistilBert,32,106,34.952555093,0.0029753907583653927,344094490,106916557,225048230,11854758
2,DistilBert,32,107,35.280698954,0.002983763813972473,327765454,106160674,209558090,11788767
2,DistilBert,32,108,35.613132839,0.002903818152844906,332044728,108318621,211618326,11851067
2,DistilBert,32,109,35.942491381,0.0029386121314018965,328958435,106975228,209856086,11784436
2,DistilBert,32,110,36.273184296,0.0028882327023893595,330331019,107890304,210390514,11792285
2,DistilBert,32,111,36.602785083,0.002843896858394146,329218630,107044940,209909485,11964679
2,DistilBert,32,112,36.934098089,0.002930704038590193,330861089,108177829,210631188,11790497
2,DistilBert,32,113,37.264021701,0.0028915335424244404,329538826,107279583,210146510,11848458
2,DistilBert,32,114,37.593535245,0.002768418285995722,329111877,107473767,209603451,11770506
2,DistilBert,32,115,37.924055177,0.0027593327686190605,330128215,107440447,210639409,11788966
2,DistilBert,32,116,38.252444142,0.002735864371061325,327982068,107481588,208401560,11832176
2,DistilBert,32,117,38.582638009,0.002715716138482094,329796870,107497417,210281472,11756686
2,DistilBert,32,118,38.913573378,0.0027610473334789276,330556813,107826643,210617318,11841757
2,DistilBert,32,119,39.24406685,0.002727603306993842,330125125,107531898,210525197,11806036
2,DistilBert,32,120,39.573843139,0.0026874840259552,329388492,107623350,209475539,11948799
2,DistilBert,32,121,39.904991862,0.002641896950080991,330625624,107670150,210926913,11768525
2,DistilBert,32,122,40.234613899,0.002638954669237137,329215770,107717281,209429257,11808486
2,DistilBert,32,123,40.566268111,0.0026360766496509314,331271985,107789923,211465013,11757995
2,DistilBert,32,124,40.89543031,0.0025831256061792374,328764732,106872947,209759113,11874417
2,DistilBert,32,125,41.22870433,0.0025697622913867235,332879363,108374692,212419539,11828697
2,DistilBert,32,126,41.558067002,0.002551630837842822,328973215,107008019,209891296,11796496
2,DistilBert,32,127,41.89062178,0.0025964495725929737,332188462,108183939,211950482,11794286
2,DistilBert,32,128,42.220701324,0.0025280022528022528,329701998,106939937,210666949,11832757
2,DistilBert,32,129,42.55256598,0.0025046984665095806,331456448,108378823,210964904,11750195
2,DistilBert,32,130,42.879572351,0.002472435822710395,326655985,107656601,206898313,11840908
2,DistilBert,32,131,43.211848364,0.0024940422736108303,331878306,108319971,211173918,12023531
2,DistilBert,32,132,43.54946991,0.0024796633515506983,337081397,107647199,217259904,11855907
2,DistilBert,32,133,43.878790031,0.0024687526747584343,328937835,106776154,210079659,11821637
2,DistilBert,32,134,44.211017303,0.0023980403784662485,331833825,108405373,211350931,11816907
2,DistilBert,32,135,44.540835273,0.0024078390561044216,329429983,107342474,209931557,11881767
2,DistilBert,32,136,44.872348202,0.002391824033111334,331133813,108120228,210935944,11820506
2,DistilBert,32,137,45.20429981,0.0023874996695667505,331551761,107788232,211670877,11836786
2,DistilBert,32,138,45.534781901,0.002391485031694174,330066774,107667331,210405715,11730875
2,DistilBert,32,139,45.868569781,0.0023528060410171747,333399883,108459515,212835067,11847416
2,DistilBert,32,140,46.198491923,0.002341662999242544,329531485,106957098,210471855,11840917
2,DistilBert,32,141,46.531366166,0.0023398783523589373,332479057,108681027,211608695,11903638
2,DistilBert,32,142,46.863460226,0.0023206775076687336,331634682,108133628,211353601,11875738
2,DistilBert,32,143,47.193644092,0.002306085079908371,329736949,107462156,210177570,11834687
2,DistilBert,32,144,47.527721696,0.0022602039389312267,333689767,108519995,213081942,11827717
2,DistilBert,32,145,47.857625757,0.002256580628454685,329519534,106861236,210642999,11751035
2,DistilBert,32,146,48.190355178,0.002254944294691086,332341414,108618138,211611826,11853687
2,DistilBert,32,147,48.521933399,0.0022278758697211742,331190114,107925336,211211759,11795416
2,DistilBert,32,148,48.852121785,0.00225199107080698,329811150,107849864,209832115,11869287
2,DistilBert,32,149,49.185289354,0.00221036234870553,332731571,108519206,212087644,11785176
2,DistilBert,32,150,49.514908731,0.0021826978772878647,329254581,107054149,210128199,11804766
2,DistilBert,32,151,49.84872774,0.0021793378982692957,333415652,108546435,212756615,11848137
2,DistilBert,32,152,50.179462077,0.0021607084199786186,330348780,107589578,210460505,11979570
2,DistilBert,32,153,50.510790943,0.0021561267785727978,330891509,108205999,210608349,11801506
2,DistilBert,32,154,50.842461775,0.002143850550055504,331288516,107747161,211489483,11793045
2,DistilBert,32,155,51.173112379,0.0022904807701706886,330261988,107627380,210545437,11830376
2,DistilBert,32,156,51.507452268,0.0021381727419793606,333951072,108883112,212944499,11843307
2,DistilBert,32,157,51.834872156,0.002100141253322363,327047601,107592669,207370761,11827366
2,DistilBert,32,158,52.172612975,0.002100489567965269,337337172,108777140,216506521,11759875
2,DistilBert,32,159,52.507507473,0.00208775931969285,334500012,108838511,213558120,11846426
2,DistilBert,32,160,52.838892301,0.0020789967384189367,331001051,107635640,211252919,11840506
2,DistilBert,32,161,53.168153961,0.002057052217423916,328880754,108205340,208605023,11811547
2,DistilBert,32,162,53.499532338,0.0020544854924082756,330992830,107584759,211278670,11855718
2,DistilBert,32,163,53.844421401,0.002051740884780884,344514166,108292671,223734827,12173262
2,DistilBert,32,164,54.175205488,0.002039321232587099,330250908,107288984,210809442,11875988
2,DistilBert,32,165,54.509504916,0.0020473874174058437,333925361,109226708,212702114,11739965
2,DistilBert,32,166,54.842723126,0.002026353031396866,332830203,108683778,212064394,11817366
2,DistilBert,32,167,55.173536823,0.0020005018450319767,330421130,107250973,211066505,11839357
2,DistilBert,32,168,55.515400973,0.0019989265128970146,341491173,109223897,220167926,11818427
2,DistilBert,32,169,55.849134432,0.0019944063387811184,333361902,109103046,212232867,11765105
2,DistilBert,32,170,56.183761516,0.0019973483867943287,334240677,109130576,212932869,11899507
2,DistilBert,32,171,56.515089832,0.0019600200466811657,330953980,107349165,211543394,11797436
2,DistilBert,32,172,56.849189487,0.001973619917407632,333700648,109272519,212348738,11822027
2,DistilBert,32,173,57.183690558,0.0019680538680404425,334105514,108957393,213006541,11802656
2,DistilBert,32,174,57.51472742,0.001936465036123991,330658845,107482368,211131677,11781977
2,DistilBert,32,175,57.848407517,0.0019292018841952085,333290870,108911531,212314898,11805897
2,DistilBert,32,176,58.182064864,0.001917207264341414,333274100,108525585,212678254,11808877
2,DistilBert,32,177,58.514172934,0.001905091223306954,331718643,107367835,211717138,12233354
2,DistilBert,32,178,58.84834468,0.0018982903566211462,333640367,109383880,212110694,11779247
2,DistilBert,32,179,59.183362801,0.0018987585790455341,334638524,109133956,213424297,11819187
2,DistilBert,32,180,59.515128815,0.001882693963125348,331384497,107765832,211521794,11836997
2,DistilBert,32,181,59.858501431,0.0018731863237917423,342979649,109352800,221543799,11823476
2,DistilBert,32,182,60.191140451,0.001881878008134663,332247353,108517785,211637977,11829656
2,DistilBert,32,183,60.525910477,0.0018564533675089478,334393600,108429704,213877005,11827907
2,DistilBert,32,184,60.858644028,0.0018484245520085096,332351394,108383233,211892141,11818277
2,DistilBert,32,185,61.198078976,0.0018383569549769163,339043061,108377203,218621998,11786156
2,DistilBert,32,186,61.530356679,0.0018284657271578908,331905187,108630417,211111496,11885027
2,DistilBert,32,187,61.862911017,0.0018273565219715238,332178262,109100115,210989934,11832046
2,DistilBert,32,188,62.194889814,0.0018021758878603578,331583571,108045227,211424092,11851797
2,DistilBert,32,189,62.527277439,0.0018044807948172092,332007358,109026934,210954465,11756356
2,DistilBert,32,190,62.862594685,0.0017968232277780771,334939769,108291601,214543047,11830697
2,DistilBert,32,191,63.193419813,0.0017868045251816511,330438621,107568038,210585638,11992960
2,DistilBert,32,192,63.527267283,0.0017809292767196894,333395072,109127055,212155075,11839528
2,DistilBert,32,193,63.86263772,0.0017642411403357983,334919489,108997213,213845495,11818607
2,DistilBert,32,194,64.194985644,0.0017688579391688108,331946907,107991106,211824710,11867568
2,DistilBert,32,195,64.527330858,0.0017665931954979897,331948257,108593726,211272420,11808807
2,DistilBert,32,196,64.863194314,0.001750565366819501,335493329,109163056,214223991,11835037
2,DistilBert,32,197,65.195358575,0.0017466223798692226,331767674,108039237,211637566,11830636
2,DistilBert,32,198,65.528262089,0.0017374703893437982,332503497,108671658,211733598,11832817
2,DistilBert,32,199,65.863999412,0.0017341234488412738,335356197,109303198,213984507,11812407
2,DistilBert,32,200,66.194818199,0.0017308478709310293,330410580,106483979,211901581,11762285
2,DistilBert,32,201,66.527789874,0.0017106892773881555,332568038,109092604,211408092,11730564
2,DistilBert,32,202,66.863891623,0.0017028414877131581,335743673,109408431,214217521,11853436
2,DistilBert,32,203,67.201012062,0.001706371083855629,336726802,108390303,216253406,11826337
2,DistilBert,32,204,67.532596812,0.0016844499623402953,331178683,107906854,211206668,11789965
2,DistilBert,32,205,67.865632608,0.0016783273313194513,332653929,108973563,211675737,11746995
2,DistilBert,32,206,68.200678129,0.0016680764965713024,334614443,108926753,213585670,11817676
2,DistilBert,32,207,68.532619676,0.0016681726556271315,331488409,107914124,211513114,11804116
2,DistilBert,32,208,68.865949278,0.0016630113823339343,332941825,109502342,211404482,11776365
2,DistilBert,32,209,69.202162109,0.001660127192735672,335812714,109267809,214466026,11818276
2,DistilBert,32,210,69.535074143,0.001643529743887484,332516777,108310772,212121934,11821236
2,DistilBert,32,211,69.867642321,0.0016403133049607277,332167491,108776570,211351101,11783365
2,DistilBert,32,212,70.203816332,0.0016388299409300089,335793574,109167157,214496176,11850197
2,DistilBert,32,213,70.537459049,0.0016679022228345275,333258150,108534516,212631973,11836097
2,DistilBert,32,214,70.869800203,0.0016265008598566055,331932257,108341483,211511434,11820636
2,DistilBert,32,215,71.204356896,0.0016199916135519743,334171196,109350100,212676234,11881037
2,DistilBert,32,216,71.540567607,0.001615070505067706,335824865,109192307,214394325,11870957
2,DistilBert,32,217,71.872195289,0.0016100285574793816,331203184,107745222,211362111,11830467
2,DistilBert,32,218,72.206150391,0.0015875173266977072,333564195,109396381,212060544,11844207
2,DistilBert,32,219,72.542465674,0.0015915283001959324,335928606,109555574,214248162,11870667
2,DistilBert,32,220,72.877448905,0.0015889036003500223,334594374,109143496,213045201,12073880
2,DistilBert,32,221,73.209784039,0.001580950804054737,331814595,107718282,211926411,11850386
2,DistilBert,32,222,73.544621926,0.0015913858078420162,334335819,109479422,212729566,11863867
2,DistilBert,32,223,73.880726836,0.001566045917570591,335719333,109369281,214196291,11891518
2,DistilBert,32,224,74.213003029,0.0015613504219800234,331892896,108278431,211569985,11782966
2,DistilBert,32,225,74.54576039,0.0015634254086762667,332364054,108673228,211588285,11845846
2,DistilBert,32,226,74.882236726,0.0015432710060849786,336073709,109656225,214302143,11843457
2,DistilBert,32,227,75.217383779,0.0015404033474624157,334767676,109511533,213127812,11866477
2,DistilBert,32,228,75.549926747,0.0015469590434804559,332158501,107687751,212401739,11811546
2,DistilBert,32,229,75.883515943,0.0015273012686520815,333210049,109196627,212003912,11749394
2,DistilBert,32,230,76.219680143,0.0015315404161810875,335775733,109134596,214550587,11818196
2,DistilBert,32,231,76.55214574,0.0015278165228664875,332089740,108174610,211934502,11719415
2,DistilBert,32,232,76.884696247,0.0015100359451025724,332163121,108755040,211256240,11892117
2,DistilBert,32,233,77.221051182,0.00150889134965837,335951837,109588984,214211261,11859977
2,DistilBert,32,234,77.555556343,0.0015025660395622253,334143785,109147137,212891188,11831426
2,DistilBert,32,235,77.888176762,0.0015064148465171456,332254692,108078818,212042394,11857427
2,DistilBert,32,236,78.223076691,0.0014933798229321837,334493242,109527083,212985420,11718135
2,DistilBert,32,237,78.559195721,0.0014916686341166496,335716353,109261459,214344934,11825156
2,DistilBert,32,238,78.892705945,0.0014781879726797342,333133888,108338672,212046893,12322855
2,DistilBert,32,239,79.225408686,0.0014692485565319657,332171091,108586317,211353211,11859527
2,DistilBert,32,240,79.561249111,0.0014750537229701877,335440588,109626195,213699093,11844216
2,DistilBert,32,241,79.895968866,0.0014656736748293042,334342879,109000004,213200484,11871987
2,DistilBert,32,242,80.227993495,0.0014604416210204363,331634972,107839423,211679857,11837096
2,DistilBert,32,243,80.562263013,0.0014545486774295568,333874621,109608815,212222447,11782105
2,DistilBert,32,244,80.898768489,0.0014429374132305384,336118790,109420461,214672569,11751755
2,DistilBert,32,245,81.232599869,0.001440724590793252,333443043,108785631,212592213,11801436
2,DistilBert,32,246,81.566007812,0.0014356381725519896,333021436,108853742,212028273,11857916
2,DistilBert,32,247,81.901137075,0.0014263514894992113,334754786,109345460,213343096,11808146
2,DistilBert,32,248,82.23752536,0.0014267652295529842,335981878,109469962,214347023,11880617
2,DistilBert,32,249,82.570210089,0.0014228086220100522,332292932,108255451,211956462,11822396
2,DistilBert,32,250,82.900230123,0.0014130581403151155,329635147,108802900,208774246,11778106
2,DistilBert,32,251,83.24018659,0.001409462420269847,339574010,108045657,219401611,11854056
2,DistilBert,32,252,83.573684574,0.0014076868537813425,333107017,108149209,212855257,11830667
2,DistilBert,32,253,83.90325549,0.0013949436834082007,329170729,107340745,209739123,11826266
2,DistilBert,32,254,84.237467337,0.0014018767978996038,333817700,108396104,213335266,11813306
2,DistilBert,32,255,84.56806319,0.0013873614370822906,330217377,107531918,210564478,11862477
2,DistilBert,32,256,84.910092973,0.0013850231189280748,341632586,108520445,220906467,11913138
2,DistilBert,32,257,85.240556345,0.0013737923000007868,329990284,107561359,210374524,11778795
2,DistilBert,32,258,85.572277158,0.0013813130790367723,331249125,107666531,211454323,11858056
2,DistilBert,32,259,85.905782882,0.001368656288832426,333118097,107392206,213662070,11794836
2,DistilBert,32,260,86.246276768,0.0013629508903250098,340108089,108426794,219546975,11872147
2,DistilBert,32,261,86.587125801,0.0013571789022535086,340441295,108363243,219943601,11875917
2,DistilBert,32,262,86.918623691,0.0013564657419919968,331112373,107052899,211992183,11807036
2,DistilBert,32,263,87.250887183,0.0013509533600881696,331885136,108329351,211539894,11755025
2,DistilBert,32,264,87.581767972,0.001341579481959343,330498352,107695031,210705920,11838156
2,DistilBert,32,265,87.921320242,0.0013375508133322,339165784,108467684,218611148,11825956
2,DistilBert,32,266,88.25622735,0.0013373482506722212,334504761,108754529,213654481,11829516
2,DistilBert,32,267,88.586407737,0.0013266319874674082,329788990,106860647,210865863,11805895
2,DistilBert,32,268,88.91812814,0.0013288406189531088,331339067,108541076,210676209,11845756
2,DistilBert,32,269,89.251593013,0.0013276373501867056,333048456,108470755,212428260,11807606
2,DistilBert,32,270,89.582208798,0.0013196798972785473,330246447,107260344,210876903,11846627
2,DistilBert,32,271,89.916782561,0.0013163101393729448,334189496,108887811,213226484,11798436
2,DistilBert,32,272,90.249008463,0.0013092552544549108,331857546,108045438,211711617,11838767
2,DistilBert,32,273,90.579733839,0.0013026183005422354,330343670,107687070,210594968,11803676
2,DistilBert,32,274,90.91365717,0.001297177281230688,333537155,108459523,212922458,11850297
2,DistilBert,32,275,91.244541839,0.0012925589689984918,330403030,107425056,210920134,11782597
2,DistilBert,32,276,91.577513774,0.001295402878895402,332592119,108506404,211966762,11845348
2,DistilBert,32,277,91.909937199,0.0012854812666773796,332028298,108257670,211678877,11826367
2,DistilBert,32,278,92.240687615,0.0012819817056879401,330353159,107610810,210698460,11782496
2,DistilBert,32,279,92.575333389,0.0012790681794285774,334263587,108568246,213607700,11829596
2,DistilBert,32,280,92.906271109,0.0012731112074106932,330557703,107405486,211015155,11864246
2,DistilBert,32,281,93.237554415,0.001267806626856327,330921450,107893054,210913454,11836016
2,DistilBert,32,282,93.569635974,0.0012577470624819398,331700313,108125438,211504413,11807036
2,DistilBert,32,283,93.900300509,0.0012552861589938402,330289728,107285934,210872252,11871618
2,DistilBert,32,284,94.23420252,0.0012559883762151003,333513894,108402943,212999540,11850487
2,DistilBert,32,285,94.565178741,0.0012556393630802631,330568584,107429645,211051046,11826017
2,DistilBert,32,286,94.897496824,0.0012411643983796239,331937327,108392062,211446232,11817137
2,DistilBert,32,287,95.230700043,0.001234800205565989,332826472,108488704,212256117,11815337
2,DistilBert,32,288,95.561446089,0.001239344128407538,330366879,107274693,211097747,11732595
2,DistilBert,32,289,95.897832914,0.0012381107080727816,336002178,108392253,215518904,11829267
2,DistilBert,32,290,96.231046413,0.0012281666276976466,332817702,108326022,212379899,11834727
2,DistilBert,32,291,96.561372842,0.0012278746580705047,329962992,106828265,211077416,11801525
2,DistilBert,32,292,96.894823575,0.0012169377878308296,333049776,108591537,212387090,11812126
2,DistilBert,32,293,97.2357975,0.0012166143860667944,340584328,107917305,220290097,12057531
2,DistilBert,32,294,97.568393169,0.001214791787788272,332056399,108047437,211901731,11839937
2,DistilBert,32,295,97.897497646,0.0012068653013557196,328720360,107426826,209187204,11849497
2,DistilBert,32,296,98.231319886,0.0012035062536597252,333438924,108465135,212897818,11815576
2,DistilBert,32,297,98.561693956,0.0012016294058412313,329990424,107181432,210819781,11728754
2,DistilBert,32,298,98.901967578,0.0012026457116007805,339890106,108394383,219394522,11835437
2,DistilBert,32,299,99.233463497,0.0011947981547564268,331112572,106866977,212153035,11831306
2,DistilBert,32,300,99.565333713,0.0011922779958695173,331465279,107993526,211358471,11839996
2,DistilBert,32,301,99.896283623,0.0011901456164196134,330569163,107759312,210698210,11841657
2,DistilBert,32,302,100.231575118,0.0011790492571890354,334892958,108593087,214124939,11899158
2,DistilBert,32,303,100.562361525,0.0011821775697171688,330402950,107772212,210569578,11803946
2,DistilBert,32,304,100.895102817,0.0011763757793232799,332358775,108471275,211778517,11839367
2,DistilBert,32,305,101.227110115,0.0011706550139933825,331624802,108007505,211582905,11772976
2,DistilBert,32,306,101.57326114,0.0011652547400444746,345767649,107623509,226103430,11779225
2,DistilBert,32,307,101.906187314,0.0011671745451167226,332532598,108180999,212297698,11794146
2,DistilBert,32,308,102.235696479,0.0011613769456744194,329109168,107098631,209911906,11832166
2,DistilBert,32,309,102.56958553,0.0011554178781807423,333504755,108435734,213026340,11692924
2,DistilBert,32,310,102.899594663,0.0011477356310933828,329631327,106785944,210781711,11780656
2,DistilBert,32,311,103.233431923,0.001146704307757318,333475584,108586666,212874778,11751786
2,DistilBert,32,312,103.563123731,0.0011517644161358476,329294971,106264405,210975015,11796626
2,DistilBert,32,313,103.894713292,0.0011434531770646572,331204274,108258090,210885233,11802867
2,DistilBert,32,314,104.227064886,0.0011348093394190073,331962617,108051217,211803519,11845056
2,DistilBert,32,315,104.557761681,0.0011408511782065034,330310709,107267223,210929964,11857697
2,DistilBert,32,316,104.892168311,0.0011318431934341788,334014193,109002664,213027650,11716154
2,DistilBert,32,317,105.225049725,0.0011229875963181257,332499177,108203210,211888490,12048860
2,DistilBert,32,318,105.55632986,0.0011251461692154408,330736006,107613680,211032046,11799536
2,DistilBert,32,319,105.890759211,0.0011255701538175344,334040144,108619298,213257425,11899237
2,DistilBert,32,320,106.221808592,0.001117825391702354,330663355,107202002,211388041,11807446
2,DistilBert,32,321,106.55377057,0.0011163516901433468,331572661,108160859,211296900,11856048
2,DistilBert,32,322,106.886249486,0.0011070321779698133,332095320,108302811,211670026,11837427
2,DistilBert,32,323,107.216992352,0.00110774883069098,330348679,107231963,211002185,11857217
2,DistilBert,32,324,107.551079697,0.0011037210933864117,333688348,108665797,212886138,11867898
2,DistilBert,32,325,107.882886391,0.0010999074438586831,331423407,107537818,211791279,11827177
2,DistilBert,32,326,108.213620997,0.001100313849747181,330352899,107987435,210273632,11812306
2,DistilBert,32,327,108.546628353,0.0010939742205664515,332635699,108128189,212365059,11871447
2,DistilBert,32,328,108.877382419,0.0010910639539361,330370610,107117501,211136728,11852997
2,DistilBert,32,329,109.210956895,0.0010833492269739509,333183689,108800431,212277188,11848416
2,DistilBert,32,330,109.550547855,0.0010813450207933784,339211784,107984256,219120137,11840197
2,DistilBert,32,331,109.881560116,0.001075202482752502,330630384,107491868,211003295,11877957
2,DistilBert,32,332,110.211812804,0.0010760725708678365,329860941,107437037,210302992,11847676
2,DistilBert,32,333,110.543967485,0.001072651008144021,331757834,107925155,211699867,11851977
2,DistilBert,32,334,110.874488547,0.001071138889528811,330144056,107473017,210644978,11759806
2,DistilBert,32,335,111.210132759,0.0010687061585485935,335269766,108888881,214229511,11869887
2,DistilBert,32,336,111.541983774,0.0010641469852998853,331471939,107672550,211713838,11823237
2,DistilBert,32,337,111.872962334,0.0010616889921948314,330580713,107829113,210674259,11820837
2,DistilBert,32,338,112.206829205,0.0010577777866274118,333481594,108566675,212803576,11832997
2,DistilBert,32,339,112.537489989,0.001054321532137692,330283717,106903867,211295791,11806166
2,DistilBert,32,340,112.870793101,0.0010465059895068407,332907255,108797070,212033024,11805726
2,DistilBert,32,341,113.203792116,0.001045683864504099,332604559,108335312,212103835,11878977
2,DistilBert,32,342,113.534667624,0.001043207012116909,330421751,107286574,211020496,11830276
2,DistilBert,32,343,113.869229147,0.0010372656397521496,334125895,108740009,213210174,11911388
2,DistilBert,32,344,114.200857699,0.0010373506229370832,331240585,107815933,211317080,11835046
2,DistilBert,32,345,114.532068733,0.0010359177831560373,330836148,108100309,210632109,11842237
2,DistilBert,32,346,114.871670844,0.0010342135792598128,339208794,108665078,218506256,11776845
2,DistilBert,32,347,115.204871503,0.0010362733155488968,332806273,108412464,212396049,11735564
2,DistilBert,32,348,115.535054879,0.0010279389098286629,329788570,107341045,210336374,11829817
2,DistilBert,32,349,115.869007411,0.0010234706569463015,333575445,109012264,212468960,11831616
2,DistilBert,32,350,116.20163309,0.0010175042552873492,332248732,108223991,211908120,11852317
2,DistilBert,32,351,116.544817653,0.0010109951253980398,342809206,107819623,222881943,11831036
2,DistilBert,32,352,116.874013143,0.001011180691421032,328796783,106926358,209838284,11763505
2,DistilBert,32,353,117.203282883,0.0010135716293007135,328889304,109086865,207681946,11779786
2,DistilBert,32,354,117.533969058,0.001006000442430377,330294318,107376035,210800681,11851227
2,DistilBert,32,355,117.869716062,0.0010018895845860243,335346637,108552685,214697659,11829157
2,DistilBert,32,356,118.201997145,0.0009981817565858364,331897786,108227120,211599596,11793106
2,DistilBert,32,357,118.532558327,0.0009992358973249793,330188476,107424955,210707160,11794596
2,DistilBert,32,358,118.867301014,0.000998760457150638,334333010,108607067,213588660,11863047
2,DistilBert,32,359,119.207356072,0.0009959563612937927,339681012,107742181,219829228,11845437
2,DistilBert,32,360,119.538999754,0.0009926999919116497,331265025,107625380,211527294,11828807
2,DistilBert,32,361,119.867211736,0.0009884688770398498,327818665,107990666,207716097,11852686
2,DistilBert,32,362,120.198863608,0.0009902671445161104,331260226,107728372,211446803,11809066
2,DistilBert,32,363,120.537230507,0.0009823339059948921,337972572,107689481,218112859,11878338
2,DistilBert,32,364,120.86892764,0.0009773217607289553,331324256,108286761,210974914,11783465
2,DistilBert,32,365,121.198462625,0.0009690264705568552,329149129,108117948,208772247,11947498
2,DistilBert,32,366,121.530234279,0.0009748493321239948,331311046,108371273,210807541,11857837
2,DistilBert,32,367,121.869145858,0.0009748765151016414,338526932,108416014,217991907,11857826
2,DistilBert,32,368,122.201613414,0.0009698630310595036,332085100,108361413,211594915,11855957
2,DistilBert,32,369,122.532544683,0.0009648840059526265,330521372,107601970,210896642,11748695
2,DistilBert,32,370,122.866653748,0.0009654327295720577,333717258,108259381,213330476,11867287
2,DistilBert,32,371,123.202334691,0.0009607084793969989,335287026,107965755,215220928,11837237
2,DistilBert,32,372,123.533206739,0.0009577603777870536,330495462,107213272,211284720,11734375
2,DistilBert,32,373,123.866672403,0.0009566918015480042,333072127,108644258,212365849,11805367
2,DistilBert,32,374,124.198485968,0.0009533485863357782,331420208,107900514,211514795,11745406
2,DistilBert,32,375,124.529904126,0.0009461389854550362,331034402,107802272,211147067,11819967
2,DistilBert,32,376,124.870500474,0.0009499407606199384,340218012,108940652,219209088,11812317
2,DistilBert,32,377,125.204496597,0.0009422994335182011,333614507,108745019,212878937,11728395
2,DistilBert,32,378,125.535564699,0.0009466948104090989,330656865,107145121,211420382,11813366
2,DistilBert,32,379,125.867658458,0.0009365142323076725,331716063,108682697,210959244,11816727
2,DistilBert,32,380,126.200075204,0.000937047298066318,332034059,108288001,211663516,11821776
2,DistilBert,32,381,126.530945962,0.0009322125697508454,330482602,107379525,211016086,11829777
2,DistilBert,32,382,126.865366812,0.0009269453585147858,334039783,108892181,213133942,11755675
2,DistilBert,32,383,127.198014101,0.0009282456594519317,332260552,108350462,211802479,11843667
2,DistilBert,32,384,127.529138824,0.0009272558381780982,330742346,107742942,210856312,11881707
2,DistilBert,32,385,127.863813699,0.0009246150148101151,334293128,108837891,213350446,11843787
2,DistilBert,32,386,128.195307738,0.0009217410697601736,331092502,107504998,211514204,11799886
2,DistilBert,32,387,128.527033711,0.0009171710116788745,331342006,108330712,210964674,11788215
2,DistilBert,32,388,128.860641758,0.0009120196336880326,333205240,108461444,212311848,12121011
2,DistilBert,32,389,129.191632518,0.0009130031103268266,330445721,107298064,211030865,11847677
2,DistilBert,32,390,129.525346696,0.0009152200073003769,333327731,108870411,212415540,11782696
2,DistilBert,32,391,129.858062947,0.0009064222685992718,332330544,108633897,211572264,11861388
2,DistilBert,32,392,130.189069618,0.0009053469984792173,330602064,107503197,210992505,11845017
2,DistilBert,32,393,130.524794111,0.0009007775224745274,335343627,108786399,214417834,11865397
2,DistilBert,32,394,130.857944579,0.0009017299744300544,332735471,108463064,212210167,11802717
2,DistilBert,32,395,131.189280825,0.0008965632878243923,330928869,107830633,210989094,11848437
2,DistilBert,32,396,131.523982741,0.00089993019355461,334330039,109015474,213202724,11854007
2,DistilBert,32,397,131.855941108,0.0008911097538657486,331563590,108101117,211354191,11849367
2,DistilBert,32,398,132.186916068,0.0008891758625395596,330580583,107946415,210603268,11768165
2,DistilBert,32,399,132.522198593,0.0008865790441632271,334895079,108899932,213897515,11823656
2,DistilBert,32,400,132.853824725,0.000884764885995537,331242534,107582629,211572495,11829026
2,DistilBert,32,401,133.185798602,0.0008843537652865052,331555021,108350313,211129527,11722734
2,DistilBert,32,402,133.518998341,0.0008853632607497275,332851323,108331972,212362429,11900217
2,DistilBert,32,403,133.849996042,0.0008777903858572245,330612574,107502758,211144187,11704455
2,DistilBert,32,404,134.184017015,0.0008765354286879301,333628896,108863662,212694245,11808976
2,DistilBert,32,405,134.51754833,0.0008720273617655039,333137318,108256391,212753455,11867997
2,DistilBert,32,406,134.848615772,0.0008709148969501257,330688875,107513288,211067836,11829688
2,DistilBert,32,407,135.183345998,0.0008613003883510828,334340889,109005254,213234634,11839778
2,DistilBert,32,408,135.515366216,0.0008691793191246688,331628781,108093437,211410872,11860798
2,DistilBert,32,409,135.846763464,0.0008654595585539937,331000681,107857723,211035346,11845378
2,DistilBert,32,410,136.181425588,0.0008582061855122447,334270557,109014823,213148462,11842917
2,DistilBert,32,411,136.513158192,0.0008575570536777377,331348637,107835093,211459313,11786617
2,DistilBert,32,412,136.844904875,0.0008580599678680301,331366426,108080647,211170878,11858787
2,DistilBert,32,413,137.178053903,0.0008547426550649107,332761201,108275121,212398899,11827776
2,DistilBert,32,414,137.509070874,0.0008576219552196562,330624544,107291093,211232879,11840137
2,DistilBert,32,415,137.842437286,0.0008475898066535592,332980735,108860922,212094484,11762215
2,DistilBert,32,416,138.175584884,0.0008477849769406021,332767791,108329142,212344838,11832656
2,DistilBert,32,417,138.506099166,0.0008414328331127763,330118705,107380696,210601827,11857177
2,DistilBert,32,418,138.84014322,0.0008438040385954082,333672737,108660268,212948660,11805656
2,DistilBert,32,419,139.171635009,0.0008376156911253929,331098682,107308625,211411701,12013270
2,DistilBert,32,420,139.503633797,0.0008406922570429742,331455168,108024246,211317391,11820407
2,DistilBert,32,421,139.836519101,0.0008357430342584848,332495937,108337921,212010342,11888288
2,DistilBert,32,422,140.167131585,0.000836151884868741,330225557,107224312,210916143,11826557
2,DistilBert,32,423,140.501119248,0.0008284773211926222,333603466,108765619,212703754,11853497
2,DistilBert,32,424,140.833149366,0.0008307815296575427,331656952,107865063,211639936,11869417
2,DistilBert,32,425,141.164494402,0.0008282907656393945,330958239,108231770,210687689,11780545
2,DistilBert,32,426,141.499089816,0.0008223871700465679,334202777,108703818,213406007,11816706
2,DistilBert,32,427,141.830205858,0.0008239980088546872,330745466,107500597,211124817,11859476
2,DistilBert,32,428,142.16242174,0.0008185203769244254,331831185,108731679,210991535,11833606
2,DistilBert,32,429,142.494320737,0.0008225220371969044,331504660,108032257,211368852,11843637
2,DistilBert,32,430,142.825003272,0.0008189522195607424,330305799,107399246,210817471,11830917
2,DistilBert,32,431,143.159093486,0.0008137690019793808,333709747,108606867,213019440,11802126
2,DistilBert,32,432,143.490013136,0.0008167501073330641,330531073,107312884,211120217,11832918
2,DistilBert,32,433,143.821910052,0.0008148237247951329,331511930,108472244,210952744,11807607
2,DistilBert,32,434,144.154274007,0.0008209635270759463,331992498,108258770,211609285,11859127
2,DistilBert,32,435,144.484689176,0.0008083410211838782,330038493,107230522,210692260,11846646
2,DistilBert,32,436,144.818834072,0.0008082432905212045,333765589,108368183,213318055,11806226
2,DistilBert,32,437,145.14970152,0.0008061091648414731,330503071,107265723,211183728,11792085
2,DistilBert,32,438,145.481729369,0.0008056696970015764,331651502,108319792,211310020,11746144
2,DistilBert,32,439,145.813753957,0.0008015402127057314,331644312,108177710,211317671,11886227
2,DistilBert,32,440,146.14373495,0.0007988988072611392,329591786,107188842,210269731,11846427
2,DistilBert,32,441,146.477968907,0.000795099011156708,333860250,108589596,213116072,11885167
2,DistilBert,32,442,146.807998491,0.0007954116445034742,329629907,106928567,210690139,11753086
2,DistilBert,32,443,147.140428277,0.0007943725795485079,332054239,108602306,211388112,11804687
2,DistilBert,32,444,147.472482876,0.0007886538514867425,331683083,107946635,211696057,11784816
2,DistilBert,32,445,147.802988397,0.0007884548977017403,330137705,107472516,210604978,11802076
2,DistilBert,32,446,148.137639522,0.0007868012180551887,334251428,108829161,213295835,11843246
2,DistilBert,32,447,148.468650792,0.0007815067656338215,330615883,107431337,211054596,11862086
2,DistilBert,32,448,148.800262234,0.0007815560093149543,331227575,108528355,210596938,11832796
2,DistilBert,32,449,149.133663046,0.0007792769465595484,332988505,107967686,212694104,12016550
2,DistilBert,32,450,149.464451883,0.000778069079387933,330339939,107237983,211010076,11806706
2,DistilBert,32,451,149.798475887,0.0007789127412252128,333590886,108791651,212708425,11831027
2,DistilBert,32,452,150.130364733,0.0007746359915472567,331491579,107966206,211472173,11789426
2,DistilBert,32,453,150.461630628,0.0007682738360017538,330873738,107997376,210794571,11821947
2,DistilBert,32,454,150.796256372,0.0007740115979686379,334242717,108722949,213486319,11760956
2,DistilBert,32,455,151.127220182,0.0007674144580960274,330575263,106931327,211515474,11843167
2,DistilBert,32,456,151.459517676,0.0007666443707421422,331914497,109228588,210595248,11804616
2,DistilBert,32,457,151.791765788,0.000765247386880219,331865366,108176959,211651176,11695454
2,DistilBert,32,458,152.122564915,0.0007647665916010737,330424630,107406136,210925254,11820776
2,DistilBert,32,459,152.456774431,0.0007588354637846351,333830630,108529035,213245014,11792186
2,DistilBert,32,460,152.788277571,0.0007613156922161579,331110013,107486547,211493393,11838846
2,DistilBert,32,461,153.119335612,0.0007581108948215842,330669855,107842094,210740990,11823636
2,DistilBert,32,462,153.452138895,0.0007622598204761744,332425366,108470655,211923471,11762435
2,DistilBert,32,463,153.782537565,0.0007510751020163298,329952483,107218453,210587347,11890658
2,DistilBert,32,464,154.117337642,0.0007525411783717573,334414881,108644867,213608061,11897788
2,DistilBert,32,465,154.450428599,0.0007500307401642203,332708921,108347912,212245847,11856198
2,DistilBert,32,466,154.781376629,0.0007498862687498331,330561343,107731451,210763001,11787966
2,DistilBert,32,467,155.115977982,0.0007494512246921659,334226027,108866890,213259524,11843377
2,DistilBert,32,468,155.447721286,0.0007447461830452085,331338787,108007715,211218449,11833437
2,DistilBert,32,469,155.779018401,0.0007397602312266827,330916839,107888494,210934314,11827716
2,DistilBert,32,470,156.113720826,0.000738901668228209,334296927,108777089,213504289,11755895
2,DistilBert,32,471,156.444932341,0.0007409130921587348,330807837,107449116,211271950,11823266
2,DistilBert,32,472,156.778379214,0.0007367773214355111,333062977,108782720,212147405,11877317
2,DistilBert,32,473,157.111640954,0.0007394535350613296,332873573,108319232,212485371,11807786
2,DistilBert,32,474,157.443042802,0.0007369333179667592,331019241,107696481,211202628,11859367
2,DistilBert,32,475,157.776719559,0.0007313273381441832,333280060,108746960,212443590,11830246
2,DistilBert,32,476,158.109106514,0.0007318037678487599,332003468,108378033,211512614,11852917
2,DistilBert,32,477,158.440580023,0.0007293777307495475,331078012,107895655,211131667,11794857
2,DistilBert,32,478,158.775905769,0.0007283596787601709,334915559,109013655,213813744,11827076
2,DistilBert,32,479,159.108027689,0.0007227356545627117,331715353,108423963,211221508,11809077
2,DistilBert,32,480,159.439677741,0.0007245924207381904,331249145,107880773,211090607,11969759
2,DistilBert,32,481,159.775390014,0.0007209394825622439,335268065,108828310,214306143,11860898
2,DistilBert,32,482,160.108301928,0.0007220727857202291,332526707,108449434,211963662,11854977
2,DistilBert,32,483,160.439418221,0.0007155126659199595,330725626,107773622,210813541,11877668
2,DistilBert,32,484,160.774047675,0.0007180374814197421,334245557,108868321,213259555,11836337
2,DistilBert,32,485,161.105696347,0.0007141671958379447,331251095,107891484,211244319,11847988
2,DistilBert,32,486,161.436943451,0.0007119894144125283,330866607,107891914,210916204,11793356
2,DistilBert,32,487,161.770226162,0.0007120108930394053,332900864,108471255,212415000,11755585
2,DistilBert,32,488,162.10106981,0.0007095749024301767,330468801,107408726,210949024,11846366
2,DistilBert,32,489,162.435457559,0.0007059694034978747,333991912,108867592,213011610,11853546
2,DistilBert,32,490,162.768370563,0.0007044869707897305,332518197,108656568,211762478,11819946
2,DistilBert,32,491,163.099162271,0.00070270273135975,330403351,107572869,210809592,11754805
2,DistilBert,32,492,163.433950397,0.0007046835962682962,334401180,108424244,213922926,11778445
2,DistilBert,32,493,163.766296921,0.000699980475474149,331959287,107867695,211946501,11874917
2,DistilBert,32,494,164.097577607,0.0007008493412286043,330895509,107786632,210996784,11838207
2,DistilBert,32,495,164.432380714,0.0006956818979233503,334425780,108959723,213379986,11829647
2,DistilBert,32,496,164.763541098,0.0006991742411628366,330783337,107117970,211536444,11860787
2,DistilBert,32,497,165.106885073,0.0006953657721169293,342970619,108590816,222356924,11765195
2,DistilBert,32,498,165.437919405,0.0006945440545678139,330626605,107759612,210738920,11857176
2,DistilBert,32,499,165.772510038,0.0006937916623428464,334209567,108701198,213415687,11832326
2,DistilBert,32,500,166.104023888,0.000688474508933723,331112623,107646661,211386091,11805856
2,DistilBert,32,501,166.435583868,0.0006860617431811988,331158353,107812573,211250898,11830557
2,DistilBert,32,502,166.76892219,0.0006846443866379559,332960705,108270611,212575612,11856697
2,DistilBert,32,503,167.09987581,0.000685926410369575,330536553,107203562,211186598,11886748
2,DistilBert,32,504,167.433225701,0.0006832634098827839,332950055,108555955,212359478,11777886
2,DistilBert,32,505,167.765172148,0.0006823409348726273,331556640,108186629,211288910,11819987
2,DistilBert,32,506,168.09570268,0.0006754638743586838,330137385,107689370,210343944,11844517
2,DistilBert,32,507,168.429448769,0.000676726340316236,333352332,108483585,212842137,11753565
2,DistilBert,32,508,168.76051243,0.0006764826830476522,330657544,107410595,211117237,11865056
2,DistilBert,32,509,169.093615508,0.0006750118918716908,332719541,108315353,212340328,11805166
2,DistilBert,32,510,169.426586743,0.0006746611325070262,332588409,108279351,211880800,12115541
2,DistilBert,32,511,169.757664915,0.0006732421461492777,330533593,107565069,210856242,11849317
2,DistilBert,32,512,170.092142626,0.0006684482214041054,334095074,108458414,213620751,11742655
2,DistilBert,32,513,170.424921808,0.0006719283992424607,332400745,108162250,212137334,11839907
2,DistilBert,32,514,170.755506442,0.0006692812312394381,330197576,107590549,210497986,11827417
2,DistilBert,32,515,171.090294288,0.0006633406737819314,334420470,108803360,213456957,11894198
2,DistilBert,32,516,171.421033634,0.0006650716532021761,330348919,107323044,210973584,11795716
2,DistilBert,32,517,171.753355788,0.0006633347948081791,331929537,108878061,210981855,11810427
2,DistilBert,32,518,172.085266434,0.000662686419673264,331533449,108052457,211345521,11858037
2,DistilBert,32,519,172.416083651,0.0006602995563298464,330430120,107471607,210842882,11857506
2,DistilBert,32,520,172.751226384,0.0006634058663621545,334751296,108662278,213980897,11847406
2,DistilBert,32,521,173.082768645,0.0006612358847633004,331145923,108090908,210929474,11783896
2,DistilBert,32,522,173.413182445,0.0006593293510377407,330065674,107512128,210541938,11752125
2,DistilBert,32,523,173.745546599,0.0006607547984458506,331942507,108192650,211628406,11864387
2,DistilBert,32,524,174.076670122,0.0006528968224301934,330728566,107746412,210875213,11841447
2,DistilBert,32,525,174.410717696,0.0006482060998678207,333666567,108963183,212601572,11840407
2,DistilBert,32,526,174.743074431,0.0006540943868458271,331982038,107894085,211987292,11830477
2,DistilBert,32,527,175.073742525,0.0006465874030254781,330294348,107773162,210406784,11855557
2,DistilBert,32,528,175.408447051,0.0006495763082057238,334327849,108574006,213648861,11847598
2,DistilBert,32,529,175.739172456,0.0006435572868213058,330316798,107189852,211062316,11806326
2,DistilBert,32,530,176.072246684,0.0006447923369705677,332671760,108965293,211672727,11756286
2,DistilBert,32,531,176.404925523,0.0006446274928748608,332276522,108335091,211825209,11857427
2,DistilBert,32,532,176.735444065,0.0006397465476766229,330141586,107384855,210651629,11845347
2,DistilBert,32,533,177.069679002,0.0006410836358554661,333846210,108402554,213329676,11854947
2,DistilBert,32,534,177.401498577,0.0006384756416082382,331429288,107701382,211597146,11850887
2,DistilBert,32,535,177.732102851,0.0006393630756065249,330228367,107736592,210433686,11795326
2,DistilBert,32,536,178.065223349,0.0006360160186886787,332726031,108333232,212356198,11777455
2,DistilBert,32,537,178.395805982,0.0006360283005051315,330198427,106955987,211116087,11869128
2,DistilBert,32,538,178.729632522,0.0006323441630229354,333423123,108791740,212519991,11834637
2,DistilBert,32,539,179.061494028,0.0006318798987194896,331491690,108121238,211223479,11885398
2,DistilBert,32,540,179.392120132,0.0006312811747193336,330253088,107769471,210325713,11895928
2,DistilBert,32,541,179.726301978,0.0006292450707405806,333788439,108435353,213049760,11953479
2,DistilBert,32,542,180.057296508,0.000628821668215096,330466521,107432026,210894353,11850577
2,DistilBert,32,543,180.390269923,0.0006268177530728281,332587938,108623127,211840620,11854277
2,DistilBert,32,544,180.722981124,0.0006259729852899909,332329623,108251241,212080374,11737964
2,DistilBert,32,545,181.053887113,0.0006217247573658824,330515073,107254623,211145907,11857266
2,DistilBert,32,546,181.38869345,0.0006245406693778932,334400430,108549916,213851954,11732424
2,DistilBert,32,547,181.720867091,0.0006219054339453578,331783055,107878504,211874680,11771095
2,DistilBert,32,548,182.051916592,0.0006203100201673806,330655284,107986926,210587287,11806197
2,DistilBert,32,549,182.386705519,0.000617108540609479,334398930,108812520,213522008,11802516
2,DistilBert,32,550,182.717299803,0.0006161147612147033,330211447,107038479,211102406,11814797
2,DistilBert,32,551,183.050342849,0.0006141497287899256,332646879,108930302,211595396,11865578
2,DistilBert,32,552,183.383766782,0.0006135001312941313,333038226,108594786,212321228,11843428
2,DistilBert,32,553,183.714885635,0.0006144265062175691,330737816,107236383,211326581,11893979
2,DistilBert,32,554,184.048361549,0.0006127440137788653,333094078,108710098,212258237,11855167
2,DistilBert,32,555,184.381885743,0.0006107017397880554,333143858,108419513,212652464,11810797
2,DistilBert,32,556,184.713199849,0.0006079410668462515,330910819,107733562,211054276,11848596
2,DistilBert,32,557,185.047576688,0.0006102633778937161,333996232,109143596,212739055,11856106
2,DistilBert,32,558,185.380127496,0.0006068084621801972,332163311,108103509,211887031,11890078
2,DistilBert,32,559,185.710947444,0.0006065884954296052,330428541,107720512,210576938,11872416
2,DistilBert,32,560,186.045892573,0.0006033458048477769,334558933,109036214,213460398,11787116
2,DistilBert,32,561,186.376912054,0.0006008345517329872,330625064,107360946,211169928,11825146
2,DistilBert,32,562,186.709059765,0.0006034618127159774,331768304,108318612,211317130,11858187
2,DistilBert,32,563,187.042096881,0.0006012825760990381,332652359,108598827,211977582,11818826
2,DistilBert,32,564,187.372896568,0.0006011680234223604,330415320,107487057,210935843,11718485
2,DistilBert,32,565,187.706694928,0.0006021815352141857,333428513,109078765,212249936,11843378
2,DistilBert,32,566,188.038809718,0.0005981514696031809,331734114,108051286,211574635,11850098
2,DistilBert,32,567,188.369458583,0.0005983620649203658,330264528,107611269,210544757,11847387
2,DistilBert,32,568,188.703763471,0.0005963317817077041,333910732,108677707,213045551,11924969
2,DistilBert,32,569,189.034501577,0.0005916984518989921,330349179,107282213,210922424,11875467
2,DistilBert,32,570,189.367676775,0.0005911578191444278,332796642,108676637,211961932,11896658
2,DistilBert,32,571,189.700935155,0.0005888546584174037,332875884,108036597,212530072,12021209
2,DistilBert,32,572,190.031790243,0.0005891026230528951,330406620,107480088,210837602,11821656
2,DistilBert,32,573,190.366459298,0.0005900022806599736,334215317,108985934,213176083,11789735
2,DistilBert,32,574,190.699232009,0.0005892651388421655,332380724,108208070,212090334,11808916
2,DistilBert,32,575,191.03022982,0.0005827129352837801,330610254,107873935,210630928,11845337
2,DistilBert,32,576,191.364568179,0.0005853335023857653,333952892,108578006,213224784,11876797
2,DistilBert,32,577,191.696231741,0.0005849538138136268,331279295,107514968,211651015,11843507
2,DistilBert,32,578,192.027748071,0.0005826920387335122,331127513,107991126,210980095,11893879
2,DistilBert,32,579,192.361865576,0.0005773615557700396,333735708,108616047,213102292,11750256
2,DistilBert,32,580,192.692770905,0.0005796897457912564,330520722,107332434,211079976,11832908
2,DistilBert,32,581,193.026277309,0.0005787971895188093,333133638,108565005,212489781,11822527
2,DistilBert,32,582,193.358724735,0.0005776396719738841,332062119,108206350,211756888,11828607
2,DistilBert,32,583,193.689561633,0.0005758685292676091,330445261,107666550,210695360,11819246
2,DistilBert,32,584,194.024685915,0.0005726334638893604,334729585,108695508,213909365,11866847
2,DistilBert,32,585,194.35707757,0.0005751565331593156,332002788,108077878,211801309,11862887
2,DistilBert,32,586,194.688570599,0.0005719637265428901,331099492,107911015,211091646,11837256
2,DistilBert,32,587,195.023371376,0.0005736536695621908,334416680,109080226,213210304,11865007
2,DistilBert,32,588,195.355204991,0.0005717417225241661,331420958,107858234,211466323,11831056
2,DistilBert,32,589,195.686769642,0.0005673950654454529,331167624,107989076,211052065,11866437
2,DistilBert,32,590,196.020064773,0.0005679978057742119,332893954,108529456,212214997,11874027
2,DistilBert,32,591,196.350930031,0.0005671203834936023,330481262,107264403,211175467,11784536
2,DistilBert,32,592,196.684888223,0.0005626279162243009,333560775,108850261,212581083,11868837
2,DistilBert,32,593,197.01793906,0.0005640153540298343,332657199,108629467,211954261,11710035
2,DistilBert,32,594,197.34892369,0.0005619024741463363,330633004,107528248,211035756,11811017
2,DistilBert,32,595,197.683953711,0.0005599762080237269,334648154,108684628,213839395,11859448
2,DistilBert,32,596,198.017463206,0.0005593353416770697,333111108,108551246,212544822,11753375
2,DistilBert,32,597,198.348295993,0.0005589383072219789,330443281,107428916,210893743,11862217
2,DistilBert,32,598,198.683582749,0.0005589784705080092,334889239,108820560,213936247,11820737
2,DistilBert,32,599,199.016983711,0.0005527696339413524,333044156,108473784,212476601,11836377
2,DistilBert,32,600,199.348374538,0.0005560190184041858,331014740,107659120,211274489,11798956
2,DistilBert,32,601,199.683702705,0.0005550193600356579,334955090,109058195,213645332,11956179
2,DistilBert,32,602,200.016971385,0.0005552091752178967,332814002,108615926,212040134,11886247
2,DistilBert,32,603,200.347984845,0.0005528440815396607,330625524,107540438,211082266,11747004
2,DistilBert,32,604,200.682359435,0.000549538410268724,333969583,109120226,212748086,11837987
2,DistilBert,32,605,201.014549446,0.0005516152014024556,331777904,107935525,211798989,11784885
2,DistilBert,32,606,201.345798111,0.0005484697176143527,330863388,107970826,210773461,11846266
2,DistilBert,32,607,201.680632479,0.0005471243057399988,334456171,108839832,213494539,11858837
2,DistilBert,32,608,202.011596589,0.0005446406430564821,330557533,107211313,211246029,11829066
2,DistilBert,32,609,202.344255249,0.0005449455929920077,332274463,108788840,211313270,11906228
2,DistilBert,32,610,202.6781738,0.0005450575845316052,333531495,108552645,212879847,11842927
2,DistilBert,32,611,203.008699853,0.000545708229765296,330134366,107123751,210962074,11788607
2,DistilBert,32,612,203.342485962,0.0005420317174866796,333402053,108907811,212392439,11847317
2,DistilBert,32,613,203.674850497,0.0005427001742646098,331959337,108356072,211520104,11828117
2,DistilBert,32,614,204.005593602,0.0005426877760328352,330339148,107560358,210661870,11836067
2,DistilBert,32,615,204.339947232,0.0005384774412959814,333983133,108870451,212989020,11868038
2,DistilBert,32,616,204.671050794,0.0005374227184802294,330715325,107068769,211535324,11833716
2,DistilBert,32,617,205.00296184,0.0005364115349948406,331529500,108771870,210721870,11778685
2,DistilBert,32,618,205.335099821,0.0005338853225111961,331758314,108143349,211586305,11768846
2,DistilBert,32,619,205.666185533,0.0005371475126594305,330692955,107708551,210879822,11850447
2,DistilBert,32,620,206.000657804,0.0005350140272639692,334056104,108664907,213257725,11854547
2,DistilBert,32,621,206.332101293,0.0005350577412173152,331072682,107880684,211072665,11860387
2,DistilBert,32,622,206.663291157,0.0005307438550516963,330780907,107643690,211025126,11837037
2,DistilBert,32,623,206.996973174,0.0005313721485435963,333297671,108699478,212616113,11723715
2,DistilBert,32,624,207.327523947,0.0005275674047879875,330169196,107172471,210833472,11891209
2,DistilBert,32,625,207.661107333,0.0005276253796182573,333217510,108578216,212541922,11833278
2,DistilBert,32,626,207.993522658,0.0005269011599011719,332037279,108535845,211385052,11845697
2,DistilBert,32,627,208.323796995,0.0005264546489343047,329890201,107502917,210286682,11838136
2,DistilBert,32,628,208.65846426,0.0005246290238574147,334271738,108538936,213607291,11841606
2,DistilBert,32,629,208.989383529,0.0005280156037770212,330533712,106825656,211586905,11860237
2,DistilBert,32,630,209.321657752,0.0005214057746343315,331892646,108468835,211324781,11841816
2,DistilBert,32,631,209.653520048,0.0005243162158876657,331478859,107984376,211375792,11852967
2,DistilBert,32,632,209.984815624,0.0005204787594266236,330909229,107565349,210963004,12041910
2,DistilBert,32,633,210.31959086,0.0005191529053263366,334269087,108561626,213703992,11743935
2,DistilBert,32,634,210.65107919,0.0005194720579311252,331109592,108110289,210837221,11811547
2,DistilBert,32,635,210.981880557,0.0005190132651478052,330418321,107801072,210546397,11814097
2,DistilBert,32,636,211.314897703,0.0005173805402591825,332637540,108365042,212220787,11793756
2,DistilBert,32,637,211.645487416,0.0005181148881092668,330203627,107008838,211084036,11853356
2,DistilBert,32,638,211.979353507,0.0005129554774612188,333478595,108962643,212431660,11801896
2,DistilBert,32,639,212.311454596,0.0005178117426112294,331728073,108235810,211366931,11869147
2,DistilBert,32,640,212.642491417,0.0005161551525816321,330660115,107914535,210586118,11897167
2,DistilBert,32,641,212.977161362,0.0005142248119227588,334285908,108845422,213347956,11828226
2,DistilBert,32,642,213.307838087,0.000512093654833734,330259968,107095310,211010195,11870177
2,DistilBert,32,643,213.64069692,0.0005117581458762288,332487687,108966313,211462983,11796066
2,DistilBert,32,644,213.973317359,0.0005085072480142117,332237372,108512406,211568464,11884028
2,DistilBert,32,645,214.304608205,0.0005067535676062107,330922150,107599619,211177318,11885598
2,DistilBert,32,646,214.638570517,0.0005084078875370324,333577185,108893282,212549602,11872328
2,DistilBert,32,647,214.970963002,0.0005085912998765707,332005548,108334612,211587446,11820597
2,DistilBert,32,648,215.301915032,0.0005030120955780149,330572933,107696911,210784381,11810607
2,DistilBert,32,649,215.636282161,0.0005049315514042974,333997082,108999823,212904569,11830737
2,DistilBert,32,650,215.96716354,0.0005018815863877535,330471121,107257623,211085737,11867508
2,DistilBert,32,651,216.299511313,0.0005018856027163565,331963996,108805130,211057126,11844916
2,DistilBert,32,652,216.631912199,0.0005024118581786752,332020949,108471515,211478923,11811195
2,DistilBert,32,653,216.962589344,0.0005050604231655598,330274348,107290214,210922663,11803626
2,DistilBert,32,654,217.297806838,0.0004999084048904479,334820427,108628367,214083829,11855247
2,DistilBert,32,655,217.630276954,0.0004968852736055851,332087109,108322582,211726937,11782145
2,DistilBert,32,656,217.961361426,0.0004982391837984324,330699445,107580980,211008295,11852497
2,DistilBert,32,657,218.296349997,0.0004973518662154675,334582474,109012484,213454717,11850486
2,DistilBert,32,658,218.628214042,0.0004943293752148747,331473039,107762902,211568564,11860568
2,DistilBert,32,659,218.959401306,0.0004960356163792312,330812797,108031977,210670119,11850687
2,DistilBert,32,660,219.293492871,0.0004948137211613357,333691368,108673107,212880527,11867408
2,DistilBert,32,661,219.62440595,0.000493259693030268,330530592,107075370,211338231,11851177
2,DistilBert,32,662,219.958379883,0.0004941893275827169,333598126,108465524,212451151,12249965
2,DistilBert,32,663,220.291084463,0.0004928366979584098,332165071,108261050,211808619,11759046
2,DistilBert,32,664,220.621801158,0.0004907160764560103,330316168,107454766,210764281,11817776
2,DistilBert,32,665,220.956783098,0.0004900426138192415,334608573,108572956,213966997,11809096
2,DistilBert,32,666,221.289183794,0.0004889576230198145,332016679,108202869,211732168,11812006
2,DistilBert,32,667,221.620244865,0.0004881316563114524,330679195,107746541,210795641,11870927
2,DistilBert,32,668,221.955802435,0.0004878797335550189,335172683,109188307,213828154,11886907
2,DistilBert,32,669,222.288140049,0.00048695504665374756,331950727,107898325,211915861,11875927
2,DistilBert,32,670,222.619563397,0.0004854320432059467,331036271,107932696,210965045,11859557
2,DistilBert,32,671,222.954272703,0.0005179688450880349,334275058,109024305,213186793,11806016
2,DistilBert,32,672,223.285778362,0.00048227020306512713,331103642,107331035,211658036,11858697
2,DistilBert,32,673,223.617523476,0.0004818924062419683,331335346,108392074,210846982,11737115
2,DistilBert,32,674,223.949601405,0.00048169936053454876,331713593,108019716,211650976,11763136
2,DistilBert,32,675,224.280149348,0.0004800017923116684,330176576,107326884,210739970,11835517
2,DistilBert,32,676,224.615010076,0.0004806889919564128,334471511,108779800,213591920,11825517
2,DistilBert,32,677,224.947221418,0.0004793297848664224,331819675,107938755,211787388,11835627
2,DistilBert,32,678,225.278138187,0.0004804161435458809,330535982,108131768,210276822,11848546
2,DistilBert,32,679,225.612220302,0.0004807508666999638,333699808,108519615,213117352,11791776
2,DistilBert,32,680,225.943417545,0.0004810193495359272,330808156,107390065,211365312,11777296
2,DistilBert,32,681,226.276214757,0.0004757320275530219,332421365,108772370,211635787,11748895
2,DistilBert,32,682,226.608694064,0.00047617321251891553,332089710,108137459,211574795,12095291
2,DistilBert,32,683,226.939634693,0.00048394795157946646,330563273,107446676,211083566,11774115
2,DistilBert,32,684,227.274805457,0.0004720854922197759,334782117,109020325,213618781,11866547
2,DistilBert,32,685,227.608204829,0.0004738431016448885,333025846,108432884,212459551,11867277
2,DistilBert,32,686,227.938814673,0.00047310820082202554,330192726,107351435,210707079,11858587
2,DistilBert,32,687,228.272964239,0.00047158903907984495,333774139,108587577,213121172,11807007
2,DistilBert,32,688,228.603789806,0.0004708128108177334,330440051,107294333,211024385,11845707
2,DistilBert,32,689,228.935971098,0.00047149136662483215,331791025,108730448,210943534,11860418
2,DistilBert,32,690,229.268732309,0.0004690454516094178,332367704,108202759,212003932,11886908
2,DistilBert,32,691,229.599229021,0.0004653618671000004,330121455,107360595,210629949,11874538
2,DistilBert,32,692,229.933720512,0.0004652846837416291,334088324,109103445,212825907,11879168
2,DistilBert,32,693,230.265990645,0.00046480659511871636,331894826,108367833,211407223,11834577
2,DistilBert,32,694,230.597057717,0.00046496372669935226,330603294,107611129,210830132,11880057
2,DistilBert,32,695,230.931760902,0.0004632221825886518,334270548,108952224,213248784,11812556
2,DistilBert,32,696,231.263309062,0.00046599580673500896,331141093,107532929,211466073,11866107
2,DistilBert,32,697,231.595219519,0.00046277494402602315,331524530,108441834,211049246,11776315
2,DistilBert,32,698,231.927774826,0.0004623950517270714,332147170,108279842,211771048,11820726
2,DistilBert,32,699,232.259092483,0.00046247910358943045,330942500,107454396,211460732,11758156
2,DistilBert,32,700,232.593420001,0.0004594356578309089,333946082,109326159,212542242,11804106
2,DistilBert,32,701,232.925927308,0.0004613228375092149,332108650,108555776,211447783,11842107
2,DistilBert,32,702,233.257122253,0.000456927897175774,330807298,107755651,210965805,11811887
2,DistilBert,32,703,233.591685085,0.00045997166307643056,334186456,108826901,213201523,11903398
2,DistilBert,32,704,233.923018232,0.0004550085577648133,330943930,107484876,211313060,11870577
2,DistilBert,32,705,234.25447884,0.0004558299551717937,331055481,108069327,210919763,11805706
2,DistilBert,32,706,234.587625918,0.00045494016376324,332769311,108456364,212179645,11859917
2,DistilBert,32,707,234.918351474,0.0004556790227070451,330353100,107020979,211203008,11870207
2,DistilBert,32,708,235.252953237,0.00045327719999477267,334200996,109324360,212769076,11840816
2,DistilBert,32,709,235.58580602,0.0004522525705397129,332471756,108498586,211837460,11880077
2,DistilBert,32,710,235.916627238,0.00045429388410411775,330432681,107489288,210872032,11791855
2,DistilBert,32,711,236.251620848,0.0004498801426962018,334625894,108338732,214125059,11903378
2,DistilBert,32,712,236.58380311,0.00044925411930307746,331797495,108251241,211485513,11784475
2,DistilBert,32,713,236.915081475,0.00044976460048928857,330892349,108032207,210765650,11835477
2,DistilBert,32,714,237.249792591,0.0004462292417883873,334309898,108746479,213441818,11861617
2,DistilBert,32,715,237.580847352,0.00044703096500597894,330674185,107504287,211081306,11830017
2,DistilBert,32,716,237.913223327,0.0004468567203730345,331990388,108476464,211365161,11870587
2,DistilBert,32,717,238.24606709,0.0004456286842469126,332469987,108372362,212044324,11796417
2,DistilBert,32,718,238.57705912,0.00044370393152348697,330617054,107219742,211272050,11860037
2,DistilBert,32,719,238.910778108,0.0004430050903465599,333339012,108580986,212614753,11886778
2,DistilBert,32,720,239.243129692,0.0004434727015905082,331963587,108131328,211705907,11855696
2,DistilBert,32,721,239.574180333,0.00044040242210030556,330669835,108093548,210449186,11869167
2,DistilBert,32,722,239.909003311,0.0004385315696708858,334402120,108849301,213538829,11755325
2,DistilBert,32,723,240.239859099,0.0004428809625096619,330454941,106969109,211234379,11960639
2,DistilBert,32,724,240.572156262,0.0004377257719170302,331837835,108901223,210891293,11780585
2,DistilBert,32,725,240.904181891,0.00043848511995747685,331613342,108179499,211280440,11878757
2,DistilBert,32,726,241.234746434,0.0004379826714284718,330172866,107488288,210600067,11812917
2,DistilBert,32,727,241.569310167,0.0004374220734462142,334185766,108613716,213585030,11728786
2,DistilBert,32,728,241.900973129,0.000435994123108685,331270805,107606509,211581404,11815417
2,DistilBert,32,729,242.232294095,0.0004369323141872883,330923369,108051097,210756501,11857357
2,DistilBert,32,730,242.566262528,0.0004344424814917147,333573446,108597436,212844778,11866078
2,DistilBert,32,731,242.896465934,0.00043586542597040534,329811449,106874766,210822972,11853437
2,DistilBert,32,732,243.23004641,0.0004314956022426486,333183009,108851292,212202276,11855467
2,DistilBert,32,733,243.56219806,0.0004320722946431488,331757543,108367083,211283680,11848366
2,DistilBert,32,734,243.89311633,0.000431540742283687,330540843,107671121,210761010,11833566
2,DistilBert,32,735,244.227910076,0.00043221929809078574,334420710,108825381,213454058,11871087
2,DistilBert,32,736,244.559397106,0.0004287084739189595,331099223,107493307,211522764,11808766
2,DistilBert,32,737,244.89062122,0.00042885070433840156,330835788,108168359,210546827,11863927
2,DistilBert,32,738,245.223026875,0.0004273031372576952,332019858,108269841,211630395,11864837
2,DistilBert,32,739,245.553537078,0.00042883711284957826,330117576,107187271,210881003,11790466
2,DistilBert,32,740,245.887919897,0.0004275016253814101,333997923,108751708,213139132,11826827
2,DistilBert,32,741,246.219360956,0.0004272264486644417,331049902,107702771,211289721,11798877
2,DistilBert,32,742,246.550502619,0.0004245949094183743,330748876,107860293,210811991,11806186
2,DistilBert,32,743,246.882796461,0.0004260803107172251,331920376,108368372,211426303,11868147
2,DistilBert,32,744,247.213617249,0.00042426976142451167,330423411,107470497,210840053,11855777
2,DistilBert,32,745,247.547609652,0.00042514235246926546,333601076,108823501,212648943,11863307
2,DistilBert,32,746,247.879354745,0.00042361553641967475,331355316,107830204,211436243,11810766
2,DistilBert,32,747,248.2105886,0.0004209786420688033,330853948,108166360,210658639,11773855
2,DistilBert,32,748,248.544591683,0.0004215635417494923,333619386,108694039,212788367,11875997
2,DistilBert,32,749,248.875051805,0.0004210519546177238,330061165,107073960,210843051,11875017
2,DistilBert,32,750,249.208205813,0.0004187311860732734,332773252,108437293,212296578,11773777
2,DistilBert,32,751,249.540689909,0.0004202408017590642,332100239,108381992,211598425,11859747
2,DistilBert,32,752,249.871445196,0.00041657104156911373,330354460,107732401,210538517,11817937
2,DistilBert,32,753,250.205988098,0.0004190794425085187,334162956,108875761,213126682,11849767
2,DistilBert,32,754,250.537804813,0.00041820359183475375,331156443,107493976,211419552,11936328
2,DistilBert,32,755,250.869153369,0.00041581742698326707,330981390,107638739,211312730,11769345
2,DistilBert,32,756,251.201715737,0.0004175617068540305,332178301,108368412,211747468,11805836
2,DistilBert,32,757,251.532936832,0.0004148787702433765,330837428,107404846,211419662,11751545
2,DistilBert,32,758,251.866998476,0.00041508174035698175,333669667,108977254,212606763,11828377
2,DistilBert,32,759,252.200026692,0.00041436354513280094,332638539,108372283,212119275,11884147
2,DistilBert,32,760,252.531256237,0.00041306851198896766,330841538,107689511,211026085,11867077
2,DistilBert,32,761,252.865399612,0.0004137360956519842,333739289,108681218,212922428,11763225
2,DistilBert,32,762,253.196847231,0.00041065385448746383,331081163,107646310,211318621,11842797
2,DistilBert,32,763,253.528493813,0.0004092342278454453,331273676,108195949,210949094,11868567
2,DistilBert,32,764,253.861987107,0.00041051360312849283,333094327,108690018,212271797,11858567
2,DistilBert,32,765,254.192927196,0.0004103139217477292,330560653,107212862,211240539,11848117
2,DistilBert,32,766,254.526496602,0.0004090175498276949,333163679,108647387,212398200,11842987
2,DistilBert,32,767,254.85910753,0.00040836265543475747,332222962,108485784,211707667,11771795
2,DistilBert,32,768,255.190440596,0.0004062742227688432,330941549,107750961,211098016,11838786
2,DistilBert,32,769,255.525449477,0.0004067098197992891,334630344,108757320,213778253,11836746
2,DistilBert,32,770,255.857326973,0.0004058155172970146,331483289,108066917,211357962,11788256
2,DistilBert,32,771,256.188151961,0.00040665341657586396,330445351,107755122,210549077,11882697
2,DistilBert,32,772,256.522241095,0.00040404434548690915,333691967,108761170,212835347,11834016
2,DistilBert,32,773,256.852840429,0.00040429190266877413,330213077,107211043,210879872,11862508
2,DistilBert,32,774,257.186501496,0.0004024872905574739,333271320,108601077,212542391,11844296
2,DistilBert,32,775,257.519274908,0.0004026860115118325,332392035,108266791,212011942,11853777
2,DistilBert,32,776,257.850173117,0.00040277541847899556,330514513,107621389,210765481,11864877
2,DistilBert,32,777,258.184610627,0.0003994754224549979,334041104,108713218,213239344,11834327
2,DistilBert,32,778,258.516518784,0.0004006832605227828,331525270,108025976,211355081,11869307
2,DistilBert,32,779,258.847441903,0.0003993301943410188,330556583,107772911,210713620,11810537
2,DistilBert,32,780,259.181948175,0.00039863368147052824,334119905,108808150,213205804,11847118
2,DistilBert,32,781,259.512969915,0.00039803548133932054,330639303,107211012,211418833,11751805
2,DistilBert,32,782,259.846058552,0.0003974438295699656,332701390,108540705,211986042,11897028
2,DistilBert,32,783,260.177887207,0.0003977311425842345,331459728,108132269,211247020,11823706
2,DistilBert,32,784,260.509489229,0.0003955847932957113,331221805,107652211,210876013,12274444
2,DistilBert,32,785,260.844088692,0.0003959198947995901,334057744,108985554,212960799,11775075
2,DistilBert,32,786,261.176582509,0.0003947203513234854,332100300,108388934,211560315,11873917
2,DistilBert,32,787,261.506899468,0.0003934769192710519,329936143,107621490,210244912,11807396
2,DistilBert,32,788,261.840587125,0.00039496246608905494,333292990,108357523,212830546,11836357
2,DistilBert,32,789,262.171634857,0.00039308299892582,330661095,107264793,211255909,11879778
2,DistilBert,32,790,262.504798835,0.0003916742862202227,332775251,108537535,212121074,11863178
2,DistilBert,32,791,262.836483528,0.0003917088615708053,331266016,108204629,210943924,11858928
2,DistilBert,32,792,263.167132762,0.0003907293430529535,330257767,107602779,210530227,11868847
2,DistilBert,32,793,263.501708345,0.00038907924317754805,334186216,108928942,213136822,11861587
2,DistilBert,32,794,263.831918192,0.0003902626922354102,329821500,107390996,210318483,11853776
2,DistilBert,32,795,264.164644072,0.00039080047281458974,332309453,108997154,211199078,11855376
2,DistilBert,32,796,264.496217473,0.0003890691150445491,331187584,108013307,211056996,11852727
2,DistilBert,32,797,264.826853997,0.0003854118403978646,330248897,107463277,210712270,11807016
2,DistilBert,32,798,265.161362399,0.0003885715559590608,334103175,108760920,213216593,11864857
2,DistilBert,32,799,265.49180813,0.00038614042568951845,330055094,107080160,210919043,11797506
2,DistilBert,32,800,265.82446459,0.00038736010901629925,332255383,108581126,211657647,11757676
2,DistilBert,32,801,266.157241362,0.00038562988629564643,332376645,108378093,211856490,11884198
2,DistilBert,32,802,266.488016118,0.00038627738831564784,330368739,107523347,210714490,11870408
2,DistilBert,32,803,266.822249955,0.00038334657438099384,333841140,108878181,212880268,11825127
2,DistilBert,32,804,267.154337135,0.0003839341225102544,331693013,108362012,211248530,11825337
2,DistilBert,32,805,267.485484998,0.0003823857696261257,330750176,107774392,210901133,11814286
2,DistilBert,32,806,267.820112492,0.0003815415839198977,334246188,108690918,213488028,11799365
2,DistilBert,32,807,268.151255455,0.00038231120561249554,330742476,107323435,211339911,11819656
2,DistilBert,32,808,268.483506637,0.00038151207263581455,331869636,108858301,210945974,11803496
2,DistilBert,32,809,268.816183457,0.00038009730633348227,332280823,108365892,211791769,11855767
2,DistilBert,32,810,269.146577617,0.00038116739597171545,329992153,107241473,210623279,11868267
2,DistilBert,32,811,269.481351544,0.00037890172097831964,334388430,108231181,214116489,11780236
2,DistilBert,32,812,269.813368002,0.0003776450757868588,331641952,108255540,211230188,11894448
2,DistilBert,32,813,270.144735039,0.00037798151606693864,330983320,107998386,210868982,11857597
2,DistilBert,32,814,270.480006675,0.0003756759106181562,334888599,108839491,213681952,12077711
2,DistilBert,32,815,270.811369892,0.0003765577566809952,330908200,107514047,211279139,11841417
2,DistilBert,32,816,271.142952952,0.0003753859200514853,331139313,107905354,211106077,11871597
2,DistilBert,32,817,271.475158704,0.0003772085183300078,331813425,108168798,211540464,11849047
2,DistilBert,32,818,271.805676296,0.0003763607528526336,330132635,107388105,210583017,11894727
2,DistilBert,32,819,272.140861509,0.0003734516794793308,334807917,108532985,214139110,11883217
2,DistilBert,32,820,272.473069271,0.0003751505573745817,331818445,108347962,211390472,11825736
2,DistilBert,32,821,272.804004551,0.00037278266972862184,330541353,107721512,210768301,11790675
2,DistilBert,32,822,273.138692116,0.00037604468525387347,334282838,108894722,213296215,11834796
2,DistilBert,32,823,273.469667006,0.0003716427308972925,330584844,107239903,211241848,11845297
2,DistilBert,32,824,273.802255044,0.0003706208080984652,332160411,108582606,211455892,11859567
2,DistilBert,32,825,274.135604546,0.00037153568700887263,332968225,108365803,212490501,11857008
2,DistilBert,32,826,274.46623474,0.00037102666101418436,330245177,107108410,211012185,11865608
2,DistilBert,32,827,274.800452287,0.0003697483043652028,333819300,108939562,212792986,11825657
2,DistilBert,32,828,275.133744998,0.0003686177369672805,332907004,108876501,211934671,11819187
2,DistilBert,32,829,275.464740958,0.00036775536136701703,330625514,107584659,210960405,11825937
2,DistilBert,32,830,275.799754239,0.00036755105247721076,334627534,108679868,213845045,11833757
2,DistilBert,32,831,276.132812606,0.0003682613605633378,332665440,108593236,211915981,11879337
2,DistilBert,32,832,276.463989979,0.00036587301292456686,330784077,107673720,210940604,11889377
2,DistilBert,32,833,276.797994092,0.0003646553959697485,333601546,108547056,212948019,11848587
2,DistilBert,32,834,277.12944789,0.00036630278918892145,331055821,107607860,211320311,11859347
2,DistilBert,32,835,277.461130873,0.00036387774161994457,331308546,108085208,211152497,11810266
2,DistilBert,32,836,277.794995253,0.00036465784069150686,333481854,108846751,212495731,11879627
2,DistilBert,32,837,278.125818781,0.0003630786086432636,330436011,107265123,211046915,11867517
2,DistilBert,32,838,278.459195603,0.0003626443794928491,332977695,108494955,212368989,11858177
2,DistilBert,32,839,278.791295373,0.00036246556555852294,331713683,108276832,211406762,11754776
2,DistilBert,32,840,279.121852036,0.000361854414222762,330170436,107833733,210275733,11806157
2,DistilBert,32,841,279.456655643,0.00036081019788980484,334420940,108706778,213609000,11848437
2,DistilBert,32,842,279.787846967,0.0003613452718127519,330799997,107274363,211406312,11858958
2,DistilBert,32,843,280.120148101,0.00036045978777110577,331904917,108817110,211023875,11806546
2,DistilBert,32,844,280.453519452,0.0003599407209549099,332975315,108740848,212091924,11878378
2,DistilBert,32,845,280.784857659,0.0003598566399887204,330937520,107541698,211162377,11928148
2,DistilBert,32,846,281.118434964,0.0003573379945009947,333119797,108551836,212454221,11853817
2,DistilBert,32,847,281.451876307,0.00035835191374644637,333060766,108651128,212307508,11846696
2,DistilBert,32,848,281.782682975,0.0003571805718820542,330413631,107353455,210964475,11825776
2,DistilBert,32,849,282.117301528,0.0003561612102203071,334219816,108540786,213583600,11835056
2,DistilBert,32,850,282.449451779,0.0003584675141610205,331757994,108043377,211580265,11862357
